work_title,sentence,sentence_length
தாவோ_-_ஆண்_பெண்_அன்புறவு,தாவோ ஆண் பெண் அன்புறவு புலவர் த.,6
தாவோ_-_ஆண்_பெண்_அன்புறவு,﻿தாவோ ஆண் பெண் அன்புறவு ஆங்கில ஆக்கம் இரே கிரிக்கு தமிழாக்கம் த.,10
தாவோ_-_ஆண்_பெண்_அன்புறவு,"கோவேந்தன் உலக இலக்கியக் கழகம் இருபத்தொன்பது, திலக் தெரு, தியாகராய நகர் சென்னை அறுநூறு  பதினேழு .",12
தாவோ_-_ஆண்_பெண்_அன்புறவு,நூல் விளக்கம் ﻿நூலின் பெயர் தாவோ ஆண் பெண் அன்புறவு ஆசிரியர் இரே கிரிக்கு த.,12
தாவோ_-_ஆண்_பெண்_அன்புறவு,கோவேந்தன் மொழி தமிழ் பதிப்பாளர் த.,5
தாவோ_-_ஆண்_பெண்_அன்புறவு,"வாழ்வின் குறிக்கோளே மானுடத்தை உயர்த்துவது தான் இயற்கையில் நீர் நெருப்பு, காற்று, மண் விண் அனைத்துமே சிறப்புயர்வுடையன.",13
தாவோ_-_ஆண்_பெண்_அன்புறவு,இயங்குதிணை இயங்காத்திணை அத்துணையுமே மானுடத்தின் பல்கலைக் கழகம்.,6
தாவோ_-_ஆண்_பெண்_அன்புறவு,மானுடம் என்றும் புதிதான இயற்கையின் மூலமுதல்.,5
தாவோ_-_ஆண்_பெண்_அன்புறவு,அது ஆண்பெண் ஆக அனைத்துயிரிலும் இயங்குகிறது.,5
தாவோ_-_ஆண்_பெண்_அன்புறவு,மானுடத்துக்கு அருமை யானது எது?,4
தாவோ_-_ஆண்_பெண்_அன்புறவு,வாழ்க்கைக்கு உறுதுணையாவது பெண்.,3
தாவோ_-_ஆண்_பெண்_அன்புறவு,"பெண் ஆணின் பிணைப்பில் நட்பில் தோழமையில் அன்பின் மகிழ்ச்சி சிறக்கிறது, இன்பம் பிறக்கிறது.",10
தாவோ_-_ஆண்_பெண்_அன்புறவு,காதலர்கள் கணவன் மனைவியர் ஆகின்றனர்.,4
தாவோ_-_ஆண்_பெண்_அன்புறவு,ஓருயிர் ஈருடல் ஆகின்றனர்.,3
தாவோ_-_ஆண்_பெண்_அன்புறவு,வாழ்வின் இரு சிறகுகள் ஆகி நம்பிக்கையை வேரும் விழுதுமாகப் பெறுகின்றனர்.,8
தாவோ_-_ஆண்_பெண்_அன்புறவு,தாம் பெற்ற இன்பம் பெறுக இவ் வையகம் என உழைக்கின்றனர் உயர்கின்றனர்.,9
தாவோ_-_ஆண்_பெண்_அன்புறவு,உலகை வாழ்விக்கப் பிறந்த ஆண் பெண்ணின் அன்புறவு இதுதான்.,7
தாவோ_-_ஆண்_பெண்_அன்புறவு,சமூகத்தின் அங்கம் இவர்கள்.,3
தாவோ_-_ஆண்_பெண்_அன்புறவு,நாட்டின் உலகின் உறுப்பினர்கள் இவர்கள்.,4
தாவோ_-_ஆண்_பெண்_அன்புறவு,இவர்கள் வாழ்வின் வழிகாட்டி இயற்கையும் இயற்கை நெறிகளும்தான்.,6
தாவோ_-_ஆண்_பெண்_அன்புறவு,ஆண் பெண் அன்புறவு வாழ்க்கையைத் தமிழிலக்கியம் அகம் என்று பேசும் பாடும் கூத்திடும்.,10
தாவோ_-_ஆண்_பெண்_அன்புறவு,சங்ககால ஐந்திணை அகப் பாடல்களைப் போல உலகில் எம் மொழியிலும் இரண்டு ஆயிரம் ஆண்டுகட்கு முன்னர் காணவே முடியாது.,14
தாவோ_-_ஆண்_பெண்_அன்புறவு,சீன ஜப்பான் தனிப் பாடல்கள் பத்து விழுக்காடு சற்றே நெருங்கி வரக் கூடும்.,10
தாவோ_-_ஆண்_பெண்_அன்புறவு,இவர்களுக்கு மாறாய் சீன நாட்டில் கி.,5
தாவோ_-_ஆண்_பெண்_அன்புறவு,மு. மூன்றாம் நூற்றாண்டில் மூவரால் தாவோ கொள்கை தோன்றிற்று அதாவது இயற்கைநெறிக் கொள்கை.,10
தாவோ_-_ஆண்_பெண்_அன்புறவு,உடன் ஒப்புக் கொண்டளித்த மொழியாக்க நூல்தான் இது.,6
தாவோ_-_ஆண்_பெண்_அன்புறவு,திருக்குறள் காமத்துப்பாலுக்குப் பரிமேலழகர் முதல் படிப்பறிவோ பட்டறிவோ அற்ற நெடுஞ்செவிர்கள் வரை உரை கண்டாயிற்று.,11
தாவோ_-_ஆண்_பெண்_அன்புறவு,"காமத்துப் பாலின் ஒவ்வொரு குறளும் அவ் உரைகளால் ஆண் பெண் அன்பு வாழ்வின், காதலியக்கத்தின் உள்ளொளியைக் காண முடியாது.",14
தாவோ_-_ஆண்_பெண்_அன்புறவு,காதல் குறளின் கருத்தாழ்ந்த அமைதியும் அன்பின் உணர்வும் உணர்ச்சியும் கடலின் பெரிது.,9
தாவோ_-_ஆண்_பெண்_அன்புறவு,"வானினும் உயர்ந்தது, புடவியினும் படர்ந்தது.",4
தாவோ_-_ஆண்_பெண்_அன்புறவு,அதற்கு ஒரு விளக்கம் போல இத் தாவோ நூல் உள்ளது.,8
தாவோ_-_ஆண்_பெண்_அன்புறவு,திருக்குறள் காமத்துப் பாலை எந்த ஒருவரின் உரையும் இன்றிப் படியுங்கள்.,8
தாவோ_-_ஆண்_பெண்_அன்புறவு,"ஒரு முறைக்கு இரு முறை, மும்முறையும் கூட அடுத்து இந்த நூலைப் படியுங்கள்.",10
தாவோ_-_ஆண்_பெண்_அன்புறவு,காமத்துப்பாலின் உள்ளுரை இந்த நூலினை உள்ளுரையாக குறிப்புப் பொருளாக உள்ளது.,8
தாவோ_-_ஆண்_பெண்_அன்புறவு,தொன்று தொட்டு இயங்கிவரும் இயற்கை நெறி பொய்ப்பதில்லை இரண்டு.,7
தாவோ_-_ஆண்_பெண்_அன்புறவு,ஆணுக்கும் பெண்ணுக்கும் இடையே ஐம்புலன்களாலும் அறிய முடியாத ஏதோ ஒன்று உள்ளது.,9
தாவோ_-_ஆண்_பெண்_அன்புறவு,"கவனி, அமைதியாய் உள்ளது முகர்ந்து, சுவைத்துப் பார் ஒன்றுமில்லை.",7
தாவோ_-_ஆண்_பெண்_அன்புறவு,"தொடு, வெறுமை அதைக் கண்கள் கண்டதில்லை அதன் உயரம், அகலம், எடை, ஆழம் எங்குள்ளது?",11
தாவோ_-_ஆண்_பெண்_அன்புறவு,அலைவற்று இருத்தல் எல்லாவறறிலும் மேலான நன்கொடை இயற்கை யின் நன்கொடை அது எவ்வாறு கொடுபட முடியும்?,12
தாவோ_-_ஆண்_பெண்_அன்புறவு,"அவளது பெரிய கோளத்தில் வட்டத்தில் பழுப்பு, பசுமை மற்றும் உயிர் வாழ் இனங்கள் செழிக்கின்றன.",11
தாவோ_-_ஆண்_பெண்_அன்புறவு,இருந்தும் இடைவெளி இருக்க வேண்டும் இருவரும் இணைந்து வாழ்வதில் எல்லையில்லா அறையைக் காண் ஏழு.,11
தாவோ_-_ஆண்_பெண்_அன்புறவு,அன்புறவைக் கொண்டிரு ஆணுக்கும்.,3
தாவோ_-_ஆண்_பெண்_அன்புறவு,"பெண்ணுக்கும் இடையே உள்ள பிணைப்பை வியககும்படி தக்கவை காற்று, கடல் போல அதைத் தாங்கு.",11
தாவோ_-_ஆண்_பெண்_அன்புறவு,மலையைபோலத் தழுவு எட்டு.,3
தாவோ_-_ஆண்_பெண்_அன்புறவு,உள்ளபடியே இருத்தல் காக்கப்பட்டது இழக்கப்படும் இழக்கப்படுவது வைக்கப்படும் நிலைத்து வைக்கப்படாதது போல ஒருவருக்கொருவர் இருக்கவும் ஒன்பது.,12
தாவோ_-_ஆண்_பெண்_அன்புறவு,"உள்ளிருந்து வருதல் உரிமைப்படுத்து, அப்போது இழப்பு நேரலாம் முயற்சி செய், தோல்வி ஏற்படும்.",10
தாவோ_-_ஆண்_பெண்_அன்புறவு,"போராடு, தோல்வி உண்டாகும் வந்து சேரத் தளராதே கண்டுபிடிக்க, விட்டுக்கொடு நம்புவதற்கு, வெறுமையாயிரு.",10
தாவோ_-_ஆண்_பெண்_அன்புறவு,"பெறுவதற்கு மேன்மை செய் சிக்கலாகத் தோன்றும் எதுவும் எளிமையாகவும், எளிதாகவும் இருக்கிறது ஏனெனில் அது நம் உள்ளிருந்து தோன்றுகிறது.",14
தாவோ_-_ஆண்_பெண்_அன்புறவு,ஆனால் இல்லாமல் கொடுக்கப் படுவதில்லை.,4
தாவோ_-_ஆண்_பெண்_அன்புறவு,"வெளிப்புறம் காதுகளால் அல்லாமல், அமைதி மூலம் கேள் கண்களால் இல்லாது, இருட்டின் மூலம் காண்.",11
தாவோ_-_ஆண்_பெண்_அன்புறவு,பேசாதவற்றை அறி பனிரண்டு .,3
தாவோ_-_ஆண்_பெண்_அன்புறவு,முட்டாள் ஆட்டம் போலிமையை நீடித்துக் காக்க முடியாது நேர்மையின்மையை நிலையாக மறைக்க முடியாது நடிக்கும் முகத்திரை கிழியும்.,13
தாவோ_-_ஆண்_பெண்_அன்புறவு,ஆகவே ஒரு சிறிதளவு நேர்மை ஆயிரம் பங்கு தந்திர ஏமாற்றும் தன்மையை விட மிகச் சிறந்தது பதிமூன்று .,13
தாவோ_-_ஆண்_பெண்_அன்புறவு,எண்ணங்களும் வினாக்களும் புதிய உடலங்களை நாம் எங்குப் பெறுகிறோம்?,7
தாவோ_-_ஆண்_பெண்_அன்புறவு,"எண்ணங்களும், வினாக்களும்தான் பெரிய பேரிடர்கள் என்பதை மற பதினெட்டு .",7
தாவோ_-_ஆண்_பெண்_அன்புறவு,மாற்றத்தின் விளைவு ஆணுக்கும் பெண்ணுக்கும் இடையே உள்ள இடத்தை நிரப்பவும் முடியாது வெறுமையாக்கவும் முடியாது அதை நிரப்பு.,13
தாவோ_-_ஆண்_பெண்_அன்புறவு,ஏனெனில் அது விலையற்றது.,3
தாவோ_-_ஆண்_பெண்_அன்புறவு,"மதிப்பிற்கப்பால் பட்டதால், அது இலவசமாகக் கொடுக்கப்படுகிறது அதை பெரும் முயற்சிகளால் பெற முடியாது.",10
தாவோ_-_ஆண்_பெண்_அன்புறவு,"ஒரு முறை கண்டு பிடிக்கப்பட்டால், அது அடக்க முடியாதது ஒவ்வொரு கணமும் அது வேறுபடுவது.",11
தாவோ_-_ஆண்_பெண்_அன்புறவு,"ஆனால் நாம் மாறுவதால், அது அதே பெயரில் அழைக்கப் படுகிறது பத்தொன்பது .",9
தாவோ_-_ஆண்_பெண்_அன்புறவு,"உணர்தலே கண்டறிதல் ஆணும் பெண்ணும் சந்திப்பது போல, அது அவ்வளவு எளிமையாயிருப்பின், அது ஏன் அவ்வளவு இக்கட்டாயுள்ளது?",13
தாவோ_-_ஆண்_பெண்_அன்புறவு,"அப்படிப்பட்ட போராட்டம், அவ்வளவு ஆவல்.",4
தாவோ_-_ஆண்_பெண்_அன்புறவு,"வெளிப்படையான வினா நகர்வதைத் தடு, அதன் மாற்றத்தை ஆய்ந்திடு.",7
தாவோ_-_ஆண்_பெண்_அன்புறவு,வெறுமையிலிருந்து எடுத்து விடு முழுவதும் நிரப்பு.,5
தாவோ_-_ஆண்_பெண்_அன்புறவு,அதற்குப் பெயரிட்டுச் சொற்களின் வலையில் இழ வெளிப்படையான வினாவின் மூலம் அமைதியான விடையை வெளிப்படுத்து இருபத்திரண்டு.,12
தாவோ_-_ஆண்_பெண்_அன்புறவு,"தெளிவானது இயற்கையைப் போல, அகன்ற அதை இழக்க முடியாது.",7
தாவோ_-_ஆண்_பெண்_அன்புறவு,"பெற்றுக் கொள்ளும் போது கொடுக்கப்படுகிறது, வெறுமையாயிருக்கும் போது நிரப்பப்படுகிறது இருபத்து மூன்று.",9
தாவோ_-_ஆண்_பெண்_அன்புறவு,தொடக்கத்திற்குப் பயணம் வழக்கமானதைக் கண்டுபிடிக்க வழக்கமானதை இழ.,6
தாவோ_-_ஆண்_பெண்_அன்புறவு,வழக்கத்தின் மதிப்பை வழக்கமின்மை உறுதிப்படுத்துகிறது படிக்கப்பட்டதை முழுமையாக அறியத் தெரிந்ததை விட்டு விடு.,10
தாவோ_-_ஆண்_பெண்_அன்புறவு,கண்டு பிடிக்காமல் இழ தொடக்கத்தை நோக்கிச் செல்லும் பயணத்தில் வழிப்பறிக் கொள்ளை எளிது இருபத்து நான்கு.,12
தாவோ_-_ஆண்_பெண்_அன்புறவு,பணிவைப் பழகு பணிவைப் பழக்கப்படுத்திக் கொள்.,5
தாவோ_-_ஆண்_பெண்_அன்புறவு,"பணிவில் பிறந்து, பணிவில் இறக்கிறோம் தோற்றம் முதல் முடிவு வரை இது மெய்ப்பிக்கப் பட்ட வழி இருபத்தாறு.",13
தாவோ_-_ஆண்_பெண்_அன்புறவு,சொற்கள் எளியவை சொற்களைப் பயன்படுத்தல் எளிதுதான் ஆனால் அதனால் பயன் என்ன?,9
தாவோ_-_ஆண்_பெண்_அன்புறவு,இயற்கை நெறி கூறப் படமுடியாத ஒன்று ஒவ்வொரு சொல்லையும் தேடு ஒரு சொல்லை மட்டும் தேடுவதால் பலனில்லை.,13
தாவோ_-_ஆண்_பெண்_அன்புறவு,"இதை தாவோ என அழை ஆனால் அது எதுவாக அழைக்கப்படுகிறதோ, அது அதுவாக இல்லை இயற்கை நெறி எங்கே?",14
தாவோ_-_ஆண்_பெண்_அன்புறவு,சிறியதில் கூட இயற்கை நெறி முழுமையாய் உள்ளது இரண்டையும தாண்டி எவ்வாறு ஆணும் பெண்ணும் செல்வது?,12
தாவோ_-_ஆண்_பெண்_அன்புறவு,நீரைப் போல பிளந்துகொண்டு கூடுவது போலே முப்பத்தொன்று.,6
தாவோ_-_ஆண்_பெண்_அன்புறவு,இயற்கையை கண்டறிய நடப்பதற்கு இரு கால்களையும் பயன்படுத்து கேட்பதற்கு இரு காதுகளையும் பயன்படுத்து காண்பதற்கு இரு விழிகளையும் பயன்டுத்து.,14
தாவோ_-_ஆண்_பெண்_அன்புறவு,புரிந்து கொள்ள ஒன்றே போதும்.,4
தாவோ_-_ஆண்_பெண்_அன்புறவு,ஒவ்வொன்றும் இருக்கிறது இல்லாதவற்றை இருப்பதாக மனம் சுற்றிக் கொள்கிறது முடிவில் இருப்பதுடன் இலலாதவற்றை முடித்துக் கொள்கிறது.,12
தாவோ_-_ஆண்_பெண்_அன்புறவு,அறிந்த ஒவ்வொன்றின் அடியில் அறியாததால் பல தடல் உளது இருந்தும் அறிந்த ஒவ்வொன்றிற்கும் அடியில் அறியாத ஒன்று உள்ளது.,14
தாவோ_-_ஆண்_பெண்_அன்புறவு,"ஆகவே தனித்தனியாக அறிவதும் புதிர்மறையை மேலும் தீவிரப்படுத்துகிறது இருந்த போதும், அறிவதில் அறிவதற்கான புதிர்மறை உண்டு முப்பத்தைந்து.",13
தாவோ_-_ஆண்_பெண்_அன்புறவு,ஆண் பெண் முப்பத்தாறு.,3
தாவோ_-_ஆண்_பெண்_அன்புறவு,உலகன்னையின் அருகில் இனிமை பொருண்மையானதில்லை பொருண்மையும் இனிமை இல்லை.,7
தாவோ_-_ஆண்_பெண்_அன்புறவு,உடலோம்பல் மண் மணத்தைத் தாங்கியுள்ளது.,4
தாவோ_-_ஆண்_பெண்_அன்புறவு,பேரன்னையின் ஆற்றலின் அருகிலே இரு நாம் வேறு எங்கே திரும்பிச் செல்கிறோம்?,9
தாவோ_-_ஆண்_பெண்_அன்புறவு,அவளது அமிழ்தத்தைப் பருகுகிறோம் அவளது எளிய செல்வக் குவியலால் சீரும் சிறப்பும் பெறுகிறோம்.,10
தாவோ_-_ஆண்_பெண்_அன்புறவு,அவை இருப்பது போல எவ்வளவு அறிவாளியாயிருக்க வேண்டும்.,6
தாவோ_-_ஆண்_பெண்_அன்புறவு,நாம் எவ்வளவு அன்பாதரவு மிக்கராக இருக்க வேண்டும்?,6
தாவோ_-_ஆண்_பெண்_அன்புறவு,"ஆண், பெண் போல வீறியமாகவா?",4
தாவோ_-_ஆண்_பெண்_அன்புறவு,இப்போது இருப்பது போல சரிசமமான பெரிதாகவா?,5
தாவோ_-_ஆண்_பெண்_அன்புறவு,ஒருவருக்கொருவரின் நிறைவு ஆண்மையில் தனித்து ஆண் முழுமையானவனல்லன்.,6
தாவோ_-_ஆண்_பெண்_அன்புறவு,பெண்மையில் தனித்த பெண்ணும் முழுமையானவள் அல்லள்.,5
தாவோ_-_ஆண்_பெண்_அன்புறவு,"ஒருவர் மற்றவரைத் தேடுவதில் ஆவலான இருவரின் போராட்டம் ஆதலால் ஒருவருக்கொருவரின் நிறைவுக்காகத் தான் ஆணும், பெண்ணும் முப்பத்தொன்பது.",13
தாவோ_-_ஆண்_பெண்_அன்புறவு,"அறிவுள்ளபோது, அறியாததால் இயற்கை நெறி யைக் காண முடியும் நாற்பது.",8
தாவோ_-_ஆண்_பெண்_அன்புறவு,"பிரிக்கப் படாத முழுமை பெயர் இருப்பதால், பிரிக்கப்படுகிறது ஒருவர் மற்றவரைப் பின் பற்றுவதால், பிரிந்த பின் அங்கே முழுமைதான்.",14
தாவோ_-_ஆண்_பெண்_அன்புறவு,"ஆதலால், முழுமை தொடர்ந்திருக்க, பெயரிட்டுப் பிரி பெண்ணைப் பெண்ணெனப் பெயரிட்டு, அவளை ஆணிடமிருந்து பிரி.",11
தாவோ_-_ஆண்_பெண்_அன்புறவு,ஆணை ஆண் எனக் கூப்பிட்டுப் பெண்ணிடமிருந்து பிரித்து விடு.,7
தாவோ_-_ஆண்_பெண்_அன்புறவு,"பெயரிடல், பிரித்தல் இவற்றுக்கு அப்பால், முழுமையையும் பிரிக்கப்படாத அமைதியையும் காண் நாற்பத்தொன்று.",9
தாவோ_-_ஆண்_பெண்_அன்புறவு,துயர்க்கேடு ஒருவருக்கொருவர் தேடிக் கொண்டிருக்கும் ஆணும் பெண்ணும் எவ்விதம் அமைதியாய் இருக்கக் கூடும்?,10
தாவோ_-_ஆண்_பெண்_அன்புறவு,இது போன்ற ஒரு கொள்கைப் பிடிப்பும்.,5
தாவோ_-_ஆண்_பெண்_அன்புறவு,ஒவ்வொரு பார்வையும் தேடுகிறது.,3
தாவோ_-_ஆண்_பெண்_அன்புறவு,இது போல போராட்டமும் வினைமுறை திருப்பங்கள் !,5
தாவோ_-_ஆண்_பெண்_அன்புறவு,இம் மாதிரி மடமையான துயாக்கேடு நாற்பத்திரண்டு.,5
தாவோ_-_ஆண்_பெண்_அன்புறவு,"வெறுமையைத் தழுவல் எது இல்லையோ, அது வெறுமை.",6
தாவோ_-_ஆண்_பெண்_அன்புறவு,"எது உள்ளதோ, அது வெறுமையில் தழுவப்படுகிறது.",5
தாவோ_-_ஆண்_பெண்_அன்புறவு,"எப்போதும் ஆணுக்கப்பால், உலகின் வெறுமையான பெண் இருக்கிறாள்.",6
தாவோ_-_ஆண்_பெண்_அன்புறவு,"எப்போதும் ஆண் வெறுமையில் வைக்கப் படுகிறான் அவன் விருப்பப்படி செய்யட்டும், எங்கு வேண்டுமானாலும் போகட்டும்.",11
தாவோ_-_ஆண்_பெண்_அன்புறவு,ஆனால் பேரன்னையின் தழுவலில் இருந்து விடுபட முடியாது நாற்பத்தாறு.,7
தாவோ_-_ஆண்_பெண்_அன்புறவு,"கடினமான, அரிதாயுள்ள அவன் பலத்தின் எழுச்சி தேட அடையும் போராட்டத்தின் உரு.",9
தாவோ_-_ஆண்_பெண்_அன்புறவு,எல்லாமே பேரன்னையிடமிருந்து வருகின்றன.,3
தாவோ_-_ஆண்_பெண்_அன்புறவு,இதில்தான் ஆண் குழந்தை போல அவளின் மடியில் அவளது அணைப்பில் தீவிரமாக விளையாடுகிறான் நாற்பத்தேழு.,11
தாவோ_-_ஆண்_பெண்_அன்புறவு,ஒருவர்க்கொருவர் இணைப்பு கருத்து என்ற காற்றினில் மிதந்து எண்ணம் என்ற மெல்லிய காற்றில் கரைந்து விடு.,12
தாவோ_-_ஆண்_பெண்_அன்புறவு,அப்போது தசை யுடன் தொடர்புபட்ட உடலும் தசையும் மண்ணிலிருந்து எங்கிருந்து வருகிறது?.,9
தாவோ_-_ஆண்_பெண்_அன்புறவு,நிலத்தைத் தொடு அதன் மணத்தை முகர் அதனின் மணத்தைச் சுவை ஆணும் பெண்ணும் நிலத்துடன் ஒருவருக்கொருவர் இணைந்துள்ளனர்.,13
தாவோ_-_ஆண்_பெண்_அன்புறவு,சொற்களின் வேரும் தண்டும் சுற்றியுள்ள காற்றில் மரம் உருவாகிறது.,7
தாவோ_-_ஆண்_பெண்_அன்புறவு,வானம் அதைச்சுற்றி வளைக்கிறது.,3
தாவோ_-_ஆண்_பெண்_அன்புறவு,"எண்ணங்கள் உதித்து சொற்களாக வெளி வருகின்றன, அது சமயம் பேரன்னையின் அமைதியான தழுவலில் அறிவு உள்ளது.",12
தாவோ_-_ஆண்_பெண்_அன்புறவு,"எளிதாக உணரப்படுகிறோம் ஓர் ஆண் தன்னைத்தானே அறிந்து கொள்ளாத போது, ஒரு பெண் யாரை அறிய முடியும்?",13
தாவோ_-_ஆண்_பெண்_அன்புறவு,"ஒரு பெண் தன்னைத் தானே கண்டு கொள்ளாத போது, ஓர் ஆண் யாரைக் காண முடியும்?",12
தாவோ_-_ஆண்_பெண்_அன்புறவு,உள்ளுக்குள்ளே இருப்பதை ஆராய்ந்து கண்டு பிடித்து வெளிப்படுத்து.,6
தாவோ_-_ஆண்_பெண்_அன்புறவு,"நம்மை நாமே உணர்ந்து கொள்ளும் போது, நாம் மற்றவர்களால் எளிதாக உணரப்படுகிறோம் ஐம்பத்திரண்டு.",10
தாவோ_-_ஆண்_பெண்_அன்புறவு,"போய்ச் சேர வேண்டிய இலக்குகளே இல்லை நாம் எங்கிருக்கிறோமோ, அங்கு தான் பயணம் அடைகிறது ஐம்பத்து மூன்று.",13
தாவோ_-_ஆண்_பெண்_அன்புறவு,"ஒருவரில் இருவர் ஆணும், பெண்ணும் ஒருவரை ஒருவர் வெல்வது என்பது எவ்வளவு மடமை !.",10
தாவோ_-_ஆண்_பெண்_அன்புறவு,முழுமை இல்லாதவை முழுமையடைகின்றன.,3
தாவோ_-_ஆண்_பெண்_அன்புறவு,ஒவ்வொரு வரும் இருவரிலும் இழந்து முழுமை அடைகின்றனர்.,6
தாவோ_-_ஆண்_பெண்_அன்புறவு,"ஒவ்வொருவரும் உயர்ந்தவரே ஆண், பெண் என்ற எதிரிடையானவற்றின் கூட்டுறவை விட உயர்ந்தது எது?",10
தாவோ_-_ஆண்_பெண்_அன்புறவு,"இடையில் செல் ஆணுக்கும் பெண்ணுக்கும் இடையே உள்ளதை நம்பு அது இருந்தால் போதும், ஆணை இடப்பட மாட்டாது.",13
தாவோ_-_ஆண்_பெண்_அன்புறவு,"அழைத்தாலும் அது வராது ஆசை தேவை, எண்ணம், எதுமின்றி ஆணுக்கும் பெண்ணுக்கும் இடையே உள்ளதில் செல்.",12
தாவோ_-_ஆண்_பெண்_அன்புறவு,"அங்கு அமைதியாய் இருக்கும்போது, மென்மையாகத் திறந்து அடிப்படைத் தூண்டுதல் தேவையால் எடுத்துச் செல் ஐம்பத்தேழு.",11
தாவோ_-_ஆண்_பெண்_அன்புறவு,அமைதியாகச் சிரி ஆணும் பெண்ணும் அமைதியான உள் புறத்தில் இருந்தவாறே ஒருவரை ஒருவர் தேடுவது என்பது எவ்வளவு மடமை !,14
தாவோ_-_ஆண்_பெண்_அன்புறவு,இதை எப்படி இடர்ப்பாடானதாகக் கொள்ள முடியும்?,5
தாவோ_-_ஆண்_பெண்_அன்புறவு,"அப்போது தேடுவது முடிவடைந்ததாகக் கூறப்படுகிறது அமைதியான இடம், மற்றும் இறுதிப்படுக்கையிலிருந்து அமைதியாகச் சிரிப்பதைத்தவிர வேறு என்ன செய்ய முடியும்?",14
தாவோ_-_ஆண்_பெண்_அன்புறவு,"இப்படி இடுக்கண்ணானது மடமையிலும், மடமை இடர்ப்பாட்டில் முடிகிறது.",6
தாவோ_-_ஆண்_பெண்_அன்புறவு,ஆனால் ஆசையும் இறப்பும் அவனை மீண்டும் கவர்ந்து இழுக்கிறது.,7
தாவோ_-_ஆண்_பெண்_அன்புறவு,"தனியே இருக்கும் போது இணைந்து இருக்க வேண்டும் இருமையாக இருப்பது, ஒருமையாக இருப்பது என்பது என்ன?",12
தாவோ_-_ஆண்_பெண்_அன்புறவு,"மற்றவர், நான் என்பதென்ன?",3
தாவோ_-_ஆண்_பெண்_அன்புறவு,"இழப்பதும், வைத்துக் கொள்வதும் என்ன?",4
தாவோ_-_ஆண்_பெண்_அன்புறவு,"மிகுதி, குறைவு, வன்மை, மென்மை, பயன்பாடு, தொடக்கம் என்பதெல்லாம் என்ன?",8
தாவோ_-_ஆண்_பெண்_அன்புறவு,இது என்ன கருத்தார்ந்த புதிர்?,4
தாவோ_-_ஆண்_பெண்_அன்புறவு,எண்ணமும் அன்று அறுபத்தாறு.,3
தாவோ_-_ஆண்_பெண்_அன்புறவு,"சொற்கள் இல்லாமல், புரிந்து கொள்ளாமல் கூட காதலர்கள் ஒருவரை ஒருவர் அறிந்து கொள்கிறார்கள்.",10
தாவோ_-_ஆண்_பெண்_அன்புறவு,"செங்கதிர் ஒளிர்கிறான் வானம் பொழிகின்றது சமவெளியிலருந்து மலைகள் தோன்றுகின்றன ஆறுகள், கடலை நோக்கி ஓடுகின்றன.",11
தாவோ_-_ஆண்_பெண்_அன்புறவு,நானிலம் சீர்மையான மூச்சுடன் வாழ்கிறது.,4
தாவோ_-_ஆண்_பெண்_அன்புறவு,"அங்கே பிறப்பும், இறப்பும் என்ற தொடக்கம் உள்ளது ஒத்திசைவு எங்கும் வழக்கமாக உள்ளதால் அது பொதுவாக இழக்கப்படுகிறது.",13
தாவோ_-_ஆண்_பெண்_அன்புறவு,ஒவ்வொரு விளக்கமும் அந்த ஒப்பந்தத்தில் உள்ளது இது போல அறிவர் ஒரு குறிப்பிட்டதைக் கவனிக்கிறார்.,11
தாவோ_-_ஆண்_பெண்_அன்புறவு,விட்டு விட ஒருவரை ஒருவர் சமன் செய்து செல்லும் போது ஆணும் பெண்ணுமாக செல்க.,11
தாவோ_-_ஆண்_பெண்_அன்புறவு,"ஆண் ஒளியை விரும்பியிருந்தால் ஆண் ஒளியை விரும்பியிருந்தால், கண்ணை மூடிக்கொண்டு, பெண்ணுடன் படுத்து இருள் என்ற வாயிலை அடைந்திருக்கமாட்டான்.",14
தாவோ_-_ஆண்_பெண்_அன்புறவு,எளிமையாக அறிவதை விரும்பிய எவரும் இருளுடனும் பெண்ணுடனும் சேரமாட்டார்.,7
தாவோ_-_ஆண்_பெண்_அன்புறவு,இளம் காதலர்களின் புதிர் சில் என்று வீசும் காற்றுடன் உள்ள பைன் மரக்காட்டில் மூத்த அறிவர் என்ன சொல்வார்?,14
தாவோ_-_ஆண்_பெண்_அன்புறவு,மலைகளில் சற்றித் திரியும் அவர் காதலர்களின் இக்கட்டான நிலையிலிருந்து விடுபடுவாரா?,8
தாவோ_-_ஆண்_பெண்_அன்புறவு,"அவரது மனம் மறுத்து, உடல் வேண்டும் எனும் போது அவர் என்ன செய்வார்?",10
தாவோ_-_ஆண்_பெண்_அன்புறவு,தனிமை இணைமை எழுபத்து மூன்று.,4
தாவோ_-_ஆண்_பெண்_அன்புறவு,வெறுமையும் முழுமையும் பிரிவின் தொடக்கம்தான் சந்திப்பு சந்திப்பின் தொடக்கமே பிரிவு புறப்படுவது எப்போது?,10
தாவோ_-_ஆண்_பெண்_அன்புறவு,வந்து சேர்வது எப்போது?,3
தாவோ_-_ஆண்_பெண்_அன்புறவு,முடிவிலிருந்துதான் பிரிவு தொடர்கிறது ஒன்றிலிருந்து மற்றொன்று மற்றதிலிருந்து தான் ஒன்று உருவாகுகிறது.,9
தாவோ_-_ஆண்_பெண்_அன்புறவு,"இரு உடல்கள், உடை உடுத்திப் பாசாங்கு செய்யும் போது, ஒன்றை ஒன்று நெருங்க முடியாது.",11
தாவோ_-_ஆண்_பெண்_அன்புறவு,"இவற்றின் சேர்ந்திருப்பதில் பிரிவு உண்டு, ஆனால் பிரிவில் ஒன்றாக இருப்பதில்லை எழுபத்தெட்டு.",9
தாவோ_-_ஆண்_பெண்_அன்புறவு,உரிய காலத்தில் அமைதியில் கூட கிளைகள் மெதுவாகப் பட்டுப்போய் அம்மணத் தோற்றத்தை அடைகின்றன எழுபத்தொன்பது.,11
தாவோ_-_ஆண்_பெண்_அன்புறவு,"பிரியாமல் பிரிதல் பார்ப்பதிலிருந்து காண்பதும், கேட்பதில் இருந்து கவனிப்பதும் தோன்றின என்பதை மறந்து விட்டோம்.",11
தாவோ_-_ஆண்_பெண்_அன்புறவு,பிரிவு என்பதும் சேர்ந்திருத்தலில் இருந்துதான் வந்தது.,5
தாவோ_-_ஆண்_பெண்_அன்புறவு,"மீண்டும் பார்ப்பது என்பதிலிருந்து காண்பதும், மீண்டும் கேட்பதிலிருந்து கவனிப்பதும் ஆயிற்று.",8
தாவோ_-_ஆண்_பெண்_அன்புறவு,ஒன்றிலிருந்து மற்றொன்று ஒன்றிலிருந்து மற்றொன்று வருவதாய் அறிவர்கள் கூறுகின்றனர்.,7
தாவோ_-_ஆண்_பெண்_அன்புறவு,"பெண் ஆணிலிருந்தும், ஆண் பெண்ணிலிருந்தும் தோன்றுகின்றனர்.",5
தாவோ_-_ஆண்_பெண்_அன்புறவு,பிரிவிலிருந்துதான் சேர்க்கை தோன்றுகிறது சேர்ந்திருப்பதைக் கண்டுகொள்ள பிரிவிலிருந்து தொடங்கு.,7
தாவோ_-_ஆண்_பெண்_அன்புறவு,"இம் முறையில் பிரிவும், சேர்க்கையும் இருக்கக் கூடும்.",6
தாவோ_-_ஆண்_பெண்_அன்புறவு,"கோணலும் வட்டமும் இணைந்திருப்பதும், தனித்திருப்பதும் ஒன்றாகத் தான்.",6
தாவோ_-_ஆண்_பெண்_அன்புறவு,"பிரிவும், சேர்ந்திருப்பதும் பிரிந்து செல்கின்றன இரண்டும் தனியாக இருக்க எவ்வாறு இவை ஒன்றாகும்?",10
தாவோ_-_ஆண்_பெண்_அன்புறவு,"இணைந்திருப்பதில் பிரிவும், பிரிவில் இணைந்திருப்பதும் எங்கே?",5
தாவோ_-_ஆண்_பெண்_அன்புறவு,"பிரிந்திருக்கும் போது இணைந்திரு இணைந்திருக்கும்போது பிரிந்து இரு ஒன்றாக இருக்க இரண்டையும், இரண்டாக இருக்கும்போது ஒன்றையும் பயன்படுத்து.",13
தாவோ_-_ஆண்_பெண்_அன்புறவு,மனத்தின் வினாக்கள் சொற்களுடன் விளையாடுகின்றன நேராக எண்ணுவதில் ஒரே மனத்தில் இருப்பதுதான் குழப்பம்.,10
தாவோ_-_ஆண்_பெண்_அன்புறவு,"இயற்கையின் நேர்மையில்லாத முறுக்கிய வளைந்த வழிகள் எண்ணத்திற்கு ஒவ்வாது கேட்க வினாக்கள் இல்லை, ஆகவே வினவாதே.",12
தாவோ_-_ஆண்_பெண்_அன்புறவு,"சொல்ல விடைகள் இல்லை, ஆக விடையளிக்காதே.",5
தாவோ_-_ஆண்_பெண்_அன்புறவு,"வினாக்கள், விடைகள் இல்லாமல் விளையாடு.",4
தாவோ_-_ஆண்_பெண்_அன்புறவு,நேரிய மனம் இணைந்திருப்பதன் முழுமையை ஒரே ஒரு மனம் மட்டும் புரிந்து கொள்ளாது.,10
தாவோ_-_ஆண்_பெண்_அன்புறவு,பிரிவின் முழுமையையும் இரு மனங்கள் ஒன்றாக இருந்தும் அறியா.,7
தாவோ_-_ஆண்_பெண்_அன்புறவு,"ஒரு மனம், இரு மனங்கள், பல மனங்கள் தேவையாகின்றன.",7
தாவோ_-_ஆண்_பெண்_அன்புறவு,ஒவ்வொன்றும் புரிந்து கொள்ள நேர்மனம் தேவை முழுமனமும் மனமின்மையும் எங்கே?,8
தாவோ_-_ஆண்_பெண்_அன்புறவு,ஒவ்வோர் இருவர் மூலம் இயற்கை நெறி காணப்படுகிறது ஒருவருக் கொருவர் தழுவிக் கொள்ள எல்லாமே தழுவப்படுகிறது.,12
தாவோ_-_ஆண்_பெண்_அன்புறவு,வேறு எப்படி இயற்கையைத் தழுவ முடியும்?,5
தாவோ_-_ஆண்_பெண்_அன்புறவு,ஆனால் ஒவ்வொரு மனமும் இணைந்திருப்பதைக் கேட்கும் போது மூன்றாவது மனத்தை உணர்கிறது.,9
தாவோ_-_ஆண்_பெண்_அன்புறவு,"அது வெளியே உள்ளதை அறிகின்ற உள்புறமாகவும், உள்ளே உள்ளதைப் புரிந்து கொள்கின்ற வெளியே உள்ளதாக இருக்கிறது.",12
தாவோ_-_ஆண்_பெண்_அன்புறவு,இப்படித்தான் வெளியே உள்ளதைச் சந்திக்கின்ற உட்புறம்.,5
தாவோ_-_ஆண்_பெண்_அன்புறவு,"ஒவ்வொருவரும் இருவராகவும் ஆகின்ற பொருள்தான் அது மூன்றாவது மனம் பிடிபடாதது, எதிர்த்து நிற்பது.",10
தாவோ_-_ஆண்_பெண்_அன்புறவு,புதையலை இழப்பதின் மூலம் அது தானே காலத்தில் வெளிப்படும் எண்பத்தாறு.,8
தாவோ_-_ஆண்_பெண்_அன்புறவு,விதையும் விளைநிலமும் ஆணும் பெண்ணும் ஒருவர் மற்றவரிடமிருந்து வளர்கின்றனர்.,7
தாவோ_-_ஆண்_பெண்_அன்புறவு,"ஒவ்வொருவரும் மற்றவரின் மண்ணாகவும், விதையாகவும் உள்ளனர் உந்துதலும், பலமும், மாற்றமும் உள்ளபோது, ஒருவருக்கொருவர் வித்திடுங்கள், திட்டமிட்ட தகப்பனாக இரு.",14
தாவோ_-_ஆண்_பெண்_அன்புறவு,"பொறுமை, கவனிப்பு அமைதி உள்ள போது ஒருவருக்கொருவர் பரிமாறிக் கொள்க.",8
தாவோ_-_ஆண்_பெண்_அன்புறவு,"வளர்க்கும் தாயாக இரு விதை, மண் இவற்றிலிருந்து வாக்குறுதி உருவாகிறது.",8
தாவோ_-_ஆண்_பெண்_அன்புறவு,"கண்டறிதல் தனிமையிலும், தனித்தும் இருப்பவருக்கு இன்னொருவரும், சேர்ந்திருப்பதும் தேவைப்பட்டால் தேவை உள்ளவரைத் தேடுவதில் தேவைப்பட்டவருக்கு என்ன இடர்ப்பாடு?",13
தாவோ_-_ஆண்_பெண்_அன்புறவு,பலரில் சிலரையா அல்லது சிலரில் ஒருவரையா நாம் யாரைத் தேர்ந்தெடுப்பது?,8
தாவோ_-_ஆண்_பெண்_அன்புறவு,வெளியே நம்மையே காணும் நாம் தான் இதுவா?,6
தாவோ_-_ஆண்_பெண்_அன்புறவு,நாம் யாரைத் தேடுகிறோம்?,3
தாவோ_-_ஆண்_பெண்_அன்புறவு,வினாக்களை விரட்டும் வினாக்கள்.,3
தாவோ_-_ஆண்_பெண்_அன்புறவு,தேடுவதைக் குழப்புகின்றன எண்ணங்கள்.,3
தாவோ_-_ஆண்_பெண்_அன்புறவு,கண்டு பிடிப்பதுதான் ஏற்றுக் கொள்ளப்பட்ட திறப்பாகும்.,5
தாவோ_-_ஆண்_பெண்_அன்புறவு,கமுக்கம் தெளிவானது வழக்கத்திற்கு மாறானதுதான் வழக்கமானது.,5
தாவோ_-_ஆண்_பெண்_அன்புறவு,ஆணும் பெண்ணும் ஒருவரை ஒருவர் தேடித் தங்களை முதல் வாழ்க்கைத் துணையாகக் கொள்வது எவ்வளவு வழக்கமானது !,12
தாவோ_-_ஆண்_பெண்_அன்புறவு,மற்றவரை அறிந்து கொள்வதற்கு வழி தன்னைத் தானே கண்டு கொள்வது எவ்வளவு எளிது.,10
தாவோ_-_ஆண்_பெண்_அன்புறவு,"வியப்பு நெருங்கிய பழக்கத்துடன் வளர்கிறது, அறிந்து கொள்வதுடன் கமுக்கம் வெளிப்படுகிறது, இழப்புடன் அதிகமாகிறது வரவு.",11
தாவோ_-_ஆண்_பெண்_அன்புறவு,இவை எல்லாம் எவ்வளவு வழக்கமானது !,4
தாவோ_-_ஆண்_பெண்_அன்புறவு,வழக்கமானதில் மறைந்துள்ள வழக்கமின்மைதான் வழக்கம்.,4
தாவோ_-_ஆண்_பெண்_அன்புறவு,வழக்க மற்ற இயற்கை தான் வழக்கமான இயற்கை நெறி எண்பத்தொன்பது.,8
தாவோ_-_ஆண்_பெண்_அன்புறவு,"சரிசமமற்ற மனம் பிரிவும், இணைந்திருப்பதும் ஏன் மூச்சு விடுகின்றன?",7
தாவோ_-_ஆண்_பெண்_அன்புறவு,ஆணும் பெண்ணும் தங்களை விட உயர்ந்த ஏதோ ஒன்றிற்காக ஏன் ஆடுகின்றனர்?,9
தாவோ_-_ஆண்_பெண்_அன்புறவு,ஆனால் அடிப்படையான ஏதோ ஒன்றுதான் மூச்சு விடாத மனத்தைத் தவிர்க்கிறது.,8
தாவோ_-_ஆண்_பெண்_அன்புறவு,கமுக்கச் சந்திப்பு உடலின் சில அங்கங்கள் வெளிப்படையாகப் பெருமிதமாகத் தெரிகின்றன சில ஒழுக்கத்தின் காரணமாக ஆடை அணிவிக்கப்பட்டுள்ளன.,13
தாவோ_-_ஆண்_பெண்_அன்புறவு,பெரிய சிக்கல்களை வெற்றி கொள்ளலாம்.,4
தாவோ_-_ஆண்_பெண்_அன்புறவு,"துன்பத்தை, அது வரும் முன் எதிர்கொள்.",5
தாவோ_-_ஆண்_பெண்_அன்புறவு,மானதை வழக்கமில்லதை எளிதாகும்.,3
தாவோ_-_ஆண்_பெண்_அன்புறவு,"எளிமையை நம்பு, அதை சிக்கலானவற்றிலும் காணலாம்.",5
தாவோ_-_ஆண்_பெண்_அன்புறவு,ஆனால் முயற்சி இல்லாதவற்றை நம்பு.,4
தாவோ_-_ஆண்_பெண்_அன்புறவு,"இரண்டினுள்ளும் இருப்பதற்கு முதலில் ஒன்றாலும், பின்னர் மற்றதாலும் எடுக்கப்படும்.",7
தாவோ_-_ஆண்_பெண்_அன்புறவு,"பின் இரண்டிற்கும் உட்படு ஏதேனும் ஒன்றிலிருந்து தப்ப இரண்டும் இருப்பது போல, இரண்டிலிருந்தும் தப்ப ஏதுமில்லை.",12
தாவோ_-_ஆண்_பெண்_அன்புறவு,"இவ்வாறு நினைவு கூர்வதால் பிரிவில்லையேல் இணைந்திருப்பதும், இணைந்திருப்பதில்லையேல் பிரிவும் ஏற்படுகிறது?",8
தாவோ_-_ஆண்_பெண்_அன்புறவு,அப்போது இரண்டையும் விட்டுவிட்டுக் கண்டுகொள்.,4
தாவோ_-_ஆண்_பெண்_அன்புறவு,எல்லாவற்றையும் கைவிட எல்லாவற்றையும் கைக் கொள் உடனே... இவை அவ்வளவு எளியவை.,9
தாவோ_-_ஆண்_பெண்_அன்புறவு,தன் வழிமையத் தானே கண்டறிதல் மழைத்துளி கல்லையே பிளக்கிறது முகில் மலையை வேறுபடுத்துகிறது.,10
தாவோ_-_ஆண்_பெண்_அன்புறவு,பள்ளாத்திக்கின் எல்லைகளுக்குட்பட்ட நீரோடை தன் வழியே தன் இச்சையாய்ப் பாய்கிறது.,8
தாவோ_-_ஆண்_பெண்_அன்புறவு,"காண்பது போல மிக எளிது ஆணும் பெண்ணும் சேர்ந்திருக்கவும், இணங்கி சமநிலையில் இருக்கவும் முயன்றால், சேர்ந்திருப்பது அவ்வளவு கடினம்.",14
தாவோ_-_ஆண்_பெண்_அன்புறவு,"இணங்கி இருப்பதால் அவர்கள் காணப்பட்டால், அவர்கள் எங்கும் செல்கிறார்கள்.",7
தாவோ_-_ஆண்_பெண்_அன்புறவு,"உட்புறம் உட்புறத்தைச் சந்திக்க, அதை வெளிப்புறத்திலிருந்து பிரிப்பது அவ்வளவு கடினம் உட்புறம், வெளிப்புறம் என்பது உண்மையிலேயே உள்ளதா?",13
தாவோ_-_ஆண்_பெண்_அன்புறவு,ஆழ்ந்த சந்திப்பின் எளிமையைச் சொற்கள் தான் சிக்கலாக்குகின்றன.,6
தாவோ_-_ஆண்_பெண்_அன்புறவு,"போதுமானது எல்லா இடங்களிலும் தேடுவதற்கு மாறாக உள்ளேயே ஆழ்ந்து தேடு, இணக்கத்திலேயே தேடு.",10
தாவோ_-_ஆண்_பெண்_அன்புறவு,"தொடக்கம் கண்டு பிடிக்கப்படின், ஒவ்வோர் ஆண், பெண் இவர்களிடம் உள்ள மறைபுதிர் போதுமானதே தொன்னூற்றெட்டு.",11
தாவோ_-_ஆண்_பெண்_அன்புறவு,முயற்சியின்மை தொடக்கத்திற்கு முன்பே இணைந்திருப்பது வந்தது.,5
தாவோ_-_ஆண்_பெண்_அன்புறவு,உட்புறத்தினை விட ஆழத்திலிருந்து வந்தது.,4
தாவோ_-_ஆண்_பெண்_அன்புறவு,"அது உட்புறம், வெளிப்புறம் இரண்டையும் பொருந்துவதாகச் செய்கிறது.",6
தாவோ_-_ஆண்_பெண்_அன்புறவு,"அது ஆண், பெண் இருவரிடமும் உள்ள வேறுபாட்டைத் தீர்த்து வைக்கிறது.",8
தாவோ_-_ஆண்_பெண்_அன்புறவு,இருப்பது அலலது இல்லாதது இவற்றையும் அதனதன் போக்கில் செல்லவிடு நூறு.,8
தாவோ_-_ஆண்_பெண்_அன்புறவு,சொற்களின் அமைப்பு எண்ணங்களின் உருவத்தைத் தீர்மானிக்கும் நிலையை எந்த எண்ணத்தை உருவாக்கும் சிந்தனையைத தான் நம்ப முடியும்?,13
தாவோ_-_ஆண்_பெண்_அன்புறவு,"வெற்றியும், தோல்வியும் இருக்க வேண்டுமெனில் இரண்டையும் ஒன்றாக ஏற்றுக் கொள் நூற்றி மூன்று.",10
தாவோ_-_ஆண்_பெண்_அன்புறவு,ஒவ்வொன்றிலும் மெய்யறிவு பெண்ணின் மென்மை ஆணின் வன்மையைச் சூழ்ந்துள்ளது.,7
தாவோ_-_ஆண்_பெண்_அன்புறவு,ஆணின் வன்மை பெண்ணின் நளினத்தைச் சுற்றி உள்ளது.,6
தாவோ_-_ஆண்_பெண்_அன்புறவு,இதுதான் உலகப் போக்கு வன்மையின் உள்ளே இருக்கும் அறிவுதான் மென்மையை அறிகிறது.,9
தாவோ_-_ஆண்_பெண்_அன்புறவு,சற்றே போதுமான நளினத்துடன் ஆணின் வன்மை பெண்ணைச் சந்திக்கிறது.,7
தாவோ_-_ஆண்_பெண்_அன்புறவு,அவளது மென்மையைப் புரிந்து கொள்கிறது.,4
தாவோ_-_ஆண்_பெண்_அன்புறவு,மென்மைக்குள் உள்ள அறிவு வன்மையை அறிகிறது.,5
தாவோ_-_ஆண்_பெண்_அன்புறவு,போதுமான வன்மையுடன் பெண்ணின் மென்மை ஆணைச் சந்திக்கிறது.,6
தாவோ_-_ஆண்_பெண்_அன்புறவு,அவனது வன்மையை அறிந்து கொள்கிறது.,4
தாவோ_-_ஆண்_பெண்_அன்புறவு,"வன்மையில் நளினமும், மென்மையில் வன்மையும்தான் ஒவ்வொன்றின் அறிவு.",6
தாவோ_-_ஆண்_பெண்_அன்புறவு,இதுதான் வெளிப்புறத்தை உட்புறம் அறிகிறது.,4
தாவோ_-_ஆண்_பெண்_அன்புறவு,இது அதைத் தொடுகிறது.,3
தாவோ_-_ஆண்_பெண்_அன்புறவு,ஒன்று மற்றதைப் புரிந்து கொள்கிறது.,4
தாவோ_-_ஆண்_பெண்_அன்புறவு,இது அதைத் தெரிந்துகொள்கிறது.,3
தாவோ_-_ஆண்_பெண்_அன்புறவு,மென்மைப்படுதல் உள்ளே உள்ள முழுமையை வெளிக்கொணர மென்மை அனுமதிக்கிறது.,7
தாவோ_-_ஆண்_பெண்_அன்புறவு,மென்மைதான் வெளியில் உள்ளதை உள்ளே முழுமையாக நுழைய அனுமதிக்கிறது.,7
தாவோ_-_ஆண்_பெண்_அன்புறவு,"பயன்படுத்தல் வன்மை அடக்குவதாயும், மென்மை அனுமதிப்பதாகவும் சொல்லப்படுகிறது.",6
தாவோ_-_ஆண்_பெண்_அன்புறவு,"இருந்தும், அதிக வன்மையும் அதிக மென்மையும் அதிகமாகவும், போதுமானதாக இல்லாமலும் இருக்கிறது.",9
தாவோ_-_ஆண்_பெண்_அன்புறவு,"தடை செய்யும் மென்மையும், அனுமதிக்கும் கடினமும் உள்ளது ஆணும், பெண்ணும் ஒருவருக்கொருவர் ஒழுங்காக இருப்பதற்கு அவர்களது சமநிலை எங்குள்ளது?",14
தாவோ_-_ஆண்_பெண்_அன்புறவு,இருந்தும் மென்மையான காற்றில் பறவைகள் உயரே எழும்பிக் கடினமான நிலத்தில் நிறைவுடன் தங்குகின்றன.,10
தாவோ_-_ஆண்_பெண்_அன்புறவு,"வேறுபட்ட சமநிலை பெண்ணின் மென்மை, வன்மையால் பக்குவப் படுத்தப்படும்போது வெற்றி கொள்ள முடியாது.",10
தாவோ_-_ஆண்_பெண்_அன்புறவு,"ஆணை மென்மை, காத்திருத்தல் இவற்றால் வலுப்படுத்து இதனால் அவன் பெண்ணையும் நிலத்தையும் அறிந்து கொள்வான்.",11
தாவோ_-_ஆண்_பெண்_அன்புறவு,வன்மையின் வழியில் தனது வன்மையைப் பெண்ணின் மென்மையையும் வெறுமையையும் வெல்கிறது என ஆண் அறிய வேணடும்.,12
தாவோ_-_ஆண்_பெண்_அன்புறவு,"தனது மென்மையுடனும் வெறுமையுடனும் பெண் ஆணை, அவனது பலம், வன்மைக்காகத் தேடுகிறாள்.",9
தாவோ_-_ஆண்_பெண்_அன்புறவு,"அவனைத் தன்னை நிரப்பி, வலுவூட்டி அதன் வழி அடங்கத் தேடுகிறாள் ஆண் பெண்ணின் நளினத்தின் மூலம் மென்மை அடைகிறான்.",14
தாவோ_-_ஆண்_பெண்_அன்புறவு,பெண் ஆணின் வன்மை மூலம் வல மடைகிறாள் நூற்றி பதிமூன்று .,8
தாவோ_-_ஆண்_பெண்_அன்புறவு,இதனால் அவன் தன்னை அமைதிப்படுததி அடங்க முயலுகிறான் பெண் ஆணின் வன்மையால் பலம் பெறுகிறாள்.,11
தாவோ_-_ஆண்_பெண்_அன்புறவு,ஆண் பெண்ணின் மென்மையால் பலமடைகிறான்.,4
தாவோ_-_ஆண்_பெண்_அன்புறவு,வெறுமைப்படுத்தல் வெறுமையாக்குவதால் எந்த இழப்புமில்லை பெறுவதற்காக வெறுமையாக்கிய கிண்ணம் இன்னமும் கிண்ணம்தான்.,9
தாவோ_-_ஆண்_பெண்_அன்புறவு,இதனால் இருவரும் இணைய முடிகிறது நூற்றி பதினாறு .,6
தாவோ_-_ஆண்_பெண்_அன்புறவு,"நம்பிக்கை யிலிருந்து ஒன்றாக இருப்பதும், ஒரே மனமும் வருகின்றன.",7
தாவோ_-_ஆண்_பெண்_அன்புறவு,ஒரு மனம் தன்னைத் தானே தொடரவும் முடியாது வழிகாட்டிச் செல்லவும் முடியாது.,9
தாவோ_-_ஆண்_பெண்_அன்புறவு,"முற்றிலும் எதிரான வையிலிருந்து விடுபட்டதால், வழி நடத்துதலோ, பின் பற்றுவதோ இல்லை நூற்றி பதினேழு .",11
தாவோ_-_ஆண்_பெண்_அன்புறவு,ஒன்றாகக் கொடுப்பதும் வருவதும் இராது.,4
தாவோ_-_ஆண்_பெண்_அன்புறவு,நம்பிக்கை என்ற மென்மைதான் வியப்பிற்கு வழி கோலும் நூற்றி பதினெட்டு .,8
தாவோ_-_ஆண்_பெண்_அன்புறவு,"ஆண்களுக்கு ஆண்மை தேவை, ஆனால் பெண்மையை வளர்த்துக் கொள் பெண்களுக்கு பெண்மை தேவை, கூடவே ஆண்மையை உண்டாக்கிக் கொள்.",14
தாவோ_-_ஆண்_பெண்_அன்புறவு,ஒவ்வொரு கல்லுக்கும் அப்பால் வன்மையாயிரு.,4
தாவோ_-_ஆண்_பெண்_அன்புறவு,ஆனால் மென்மையைப் புறக்கணிக்காதே.,3
தாவோ_-_ஆண்_பெண்_அன்புறவு,வன்மை என்பது தான் எனப்படுவது இது விளக்குவதுடன் வரையறுக்கின்றன மென்மை தான் என்பதன்று.,10
தாவோ_-_ஆண்_பெண்_அன்புறவு,இது திறந்து ஒப்புக்கொள்கிறது வன்மையினால் உருவாக்கப்பட்ட சச்சரவுகள் மென்மையால் தீர்க்கப்படுகின்றன.,8
தாவோ_-_ஆண்_பெண்_அன்புறவு,"ஓடைகளில், நீர் ஒவ்வொரு கல்லுக்கப்பாலும் வழியைக் கண்டு பிடிக்கின்றது.",7
தாவோ_-_ஆண்_பெண்_அன்புறவு,கல்லும் இல்லை நீரும் இல்லை நீர் மென்மையானதென்றும் கல் கடினமான தெனவும் சொல்லப்படுகிறது.,10
தாவோ_-_ஆண்_பெண்_அன்புறவு,இருந்தாலும் மென்மையான நீரில் உள்ள விட்டுக்கொடுக்காத ஏதோ ஒன்று கடினமான கல்லையும் அரித்து அழிக்கிறது.,11
தாவோ_-_ஆண்_பெண்_அன்புறவு,உள்ளே இருக்கும் உந்துதலை நம்பு.,4
தாவோ_-_ஆண்_பெண்_அன்புறவு,"ஆனால் ஆற்றிலிருந்து ஓடையையும், கடலிலிருந்து மழையையும் கூடப் பிரி பின் தொல்லை தொடர்கின்றது.",10
தாவோ_-_ஆண்_பெண்_அன்புறவு,"பிறக்கும் பொருளே உருப்பெருகிறது உருப்பெறுவதால், குறை காணக் கூடியது குறை காணப்படுவதால், அது நிலைத்து நிற்க முடியாது.",13
தாவோ_-_ஆண்_பெண்_அன்புறவு,"ஆண், பெண் இருவரிடையே உள்ள பிணைப்பு மாறிக்கொண்டே இருப்பதால் அது உருவாகிக் கொண்டே இருக்கிறது.",11
தாவோ_-_ஆண்_பெண்_அன்புறவு,செய்ததைவிடச் செய்வதே நிலையானது வளர்வதை ஊட்டமளிப்பதை நம்பு.,6
தாவோ_-_ஆண்_பெண்_அன்புறவு,வளர்வதின் அடிப்படை வாய்மையில் ஊட்டம் பெறு நூற்றி இருபத்தேழு.,7
தாவோ_-_ஆண்_பெண்_அன்புறவு,ஒவ்வொரு நேரத்திற்கும் ஒவ்வொரு நேரத்திற்கும் அதற்கென நேரம் உண்டு.,7
தாவோ_-_ஆண்_பெண்_அன்புறவு,தள்ளு அது முன்கூட்டியதாக்கப்படும் காலம் தாழ்த்து அது காலம் கடந்ததாகும் உரிய நேரத்தில் நிறுத்தமே இராது நூற்றி இருபத்தெட்டு.,14
தாவோ_-_ஆண்_பெண்_அன்புறவு,தனிப்பட்ட பாதுகாப்பு முகில்களைத் தடை செய்ய இயலாது.,6
தாவோ_-_ஆண்_பெண்_அன்புறவு,ஒவ்வொரு வாழ்க்கையும் வளர்கின்ற உடலம்.,4
தாவோ_-_ஆண்_பெண்_அன்புறவு,உரிமை அல்லது உரிமையில்லாத இதைப் பிரிக்கவோ துண்டுகளாடவோ முடியாது அது முழுமையானது.,9
தாவோ_-_ஆண்_பெண்_அன்புறவு,கொஞ்சம் குறைவோ அதிகமோ இல்லாதது.,4
தாவோ_-_ஆண்_பெண்_அன்புறவு,"அதன் போக்கையும் மாற்றுகிறது, ஆனால் தன் சாறத்தைத் தக்க வைக்கிறது.",8
தாவோ_-_ஆண்_பெண்_அன்புறவு,மென்மையாகி மாறு மாறிப் பொறுத்துக் கொள் நீரைப் போல அறிந்து கொள்.,9
தாவோ_-_ஆண்_பெண்_அன்புறவு,ஆற்றைப் போல எண்ணு.,3
தாவோ_-_ஆண்_பெண்_அன்புறவு,ஆறாக இரு ஒவ்வொன்றும் வேறு எதுவாகவோ மாறுகிறது.,6
தாவோ_-_ஆண்_பெண்_அன்புறவு,போவதை எதிர்த்துப் போராடுவது எவ்வளவு வீணானது ஆவதும்.,6
தாவோ_-_ஆண்_பெண்_அன்புறவு,அழிவனவற்றில் எப்படி முயற்சி தீவிரமாகக் கூடும்?,5
தாவோ_-_ஆண்_பெண்_அன்புறவு,"மாறுதலுக்கு உட்படு முற்காலத்தில் அறிவர்கள் சொல்லித் தந்தனர் விட்டுக் கொடு, முழுமையாயிரு.",9
தாவோ_-_ஆண்_பெண்_அன்புறவு,"வளைந்து கொடு வெற்றியடை வெறுமை செய், நிரப்பு வளையாததும், கடினமானதும் முறிகின்றன மென்மையானதும்.",10
தாவோ_-_ஆண்_பெண்_அன்புறவு,"விட்டுக் கொடுத்தலும் நிலைக்கின்றன ஆணும் பெண்ணும் ஒன்றாக இருக்க, மாறாததைக் கெட்டியாகப் பற்றிக் கொள்.",11
தாவோ_-_ஆண்_பெண்_அன்புறவு,இரண்டுக்கும் இடையே திரும்புதல் விலகுவதை விரும்புகிறது.,5
தாவோ_-_ஆண்_பெண்_அன்புறவு,நிற்பது செல்ல விரும்புகிறது விடுதலையாவது ஆட்சியைத் தொடர்கிறது ஒன்றிலிருந்து ஒன்று தோன்றவே விரும்புகிறது.,10
தாவோ_-_ஆண்_பெண்_அன்புறவு,அமைதியைப் பேச விரும்புகிறது மாறாமையை மாற்ற அறிகிறது.,6
தாவோ_-_ஆண்_பெண்_அன்புறவு,வெறுமை நிறைவை நாடுகிறது.,3
தாவோ_-_ஆண்_பெண்_அன்புறவு,கணத்திற்குக் கணம் மனம் மனத்திற்கே சூழ்ச்சி செய்கிறது எண்ணங்கள் சிநதனையை வட்டமிடுகின்றன.,9
தாவோ_-_ஆண்_பெண்_அன்புறவு,வெளி வழி உள்ளே உள்ளது ஊடே என்பது இடையில் உள்ளது.,8
தாவோ_-_ஆண்_பெண்_அன்புறவு,மறைபுதிரே எண்ணங்கள் இப்போதைய நேர்மைக்குச் சொற்கள் பதிலளிக்கா மாறுகின்ற எல்லாவற்றையும் மனத்தில் பதந்துள்ள எண்ணங்கள் புரிந்து கொள்ளாது.,13
தாவோ_-_ஆண்_பெண்_அன்புறவு,மாறுகின்ற எண்ணங்கள் எப்படி மாறாமலிருப்பவற்றை அறிந்து கொள்ள முடியும்?,7
தாவோ_-_ஆண்_பெண்_அன்புறவு,"எண்ணங்கள் என்ற புதிரில், எந்த எண்ணங்கள் மாறுகின்றன?",6
தாவோ_-_ஆண்_பெண்_அன்புறவு,மாறுகின்ற எண்ணங்கள மாறாமலிருக்கின்றனவா?,3
தாவோ_-_ஆண்_பெண்_அன்புறவு,மாறாத எண்ணங்கள் மாறுகின்றனவா?,3
தாவோ_-_ஆண்_பெண்_அன்புறவு,பறந்து போன மாறாத எண்ணங்கள மாறாமல் நினைவு கூரப்படுகின்றனவா?,7
தாவோ_-_ஆண்_பெண்_அன்புறவு,"மாற்றம், மாற்றமில்லாதது என்ற குழப்பத்தில் நாம் ஒவ்வொன்றையும் எப்படிக் காண்பது?",8
தாவோ_-_ஆண்_பெண்_அன்புறவு,மாறும் எண்ணங்கள நம்மை மாற்ற எங்கே தேடுகின்றன?,6
தாவோ_-_ஆண்_பெண்_அன்புறவு,எவ்வாறு மாறாத எண்ணங்கள் நம்மை மாற்ற அறியும்?,6
தாவோ_-_ஆண்_பெண்_அன்புறவு,"எண்ணம் என்ற சிக்கலில், எண்ணங்கள் தங்களையேப் புரிந்து கொள்ளாவிடில், நாம் எப்படி ஒருவரை ஒருவர் அறியக் கூடும்?",13
தாவோ_-_ஆண்_பெண்_அன்புறவு,"மாற்றம் மாற்றமின்மை இவற்றுக்கிடையே, நாம் சொற்களின்றி, எண்ணமின்றி ஒன்றாக இருக்கிறோம் ﻿கண்டெடுத்தல் இழத்தல் நூற்றி முப்பத்தைந்து.",12
தாவோ_-_ஆண்_பெண்_அன்புறவு,எல்லாமாக இருந்தும இல்லாமலும் இருப்பது ஏதோ ஒன்று.,6
தாவோ_-_ஆண்_பெண்_அன்புறவு,கண்டு பிடிக்காதவரை தன்னைத் தானே நிரப்பிக் கொள்ளும் வெறுமையாக்கும் ஒன்று.,8
தாவோ_-_ஆண்_பெண்_அன்புறவு,இழக்கும்வரை வெறுமை செய்யும் முழுமையும்.,4
தாவோ_-_ஆண்_பெண்_அன்புறவு,ஆண் இல்லாது பெண்ணில்லை.,3
தாவோ_-_ஆண்_பெண்_அன்புறவு,"பெண் இல்லாது ஆண் இல்லை இருவருமே ஒருவர் மற்றவரில் கண்டு பிடித்தும், இழந்தும் இருக்கட்டும் என அறிவிக்கிறது.",13
தாவோ_-_ஆண்_பெண்_அன்புறவு,அறிதல் ஆழமாகும் கண்களில் ஊடுருவிப் பார்ப்பது என்பது சிறப்பான உள்ளத்தை உருக்குவதாகும்.,9
தாவோ_-_ஆண்_பெண்_அன்புறவு,முதலில் கண்கள் கண்களை நெருக்கமாகக் காண்பதைத் தவிர்க்கின்றன.,6
தாவோ_-_ஆண்_பெண்_அன்புறவு,காண்பது என்பது தனிப்பட்ட உள்ளம் உருக்குவ தாகும்.,6
தாவோ_-_ஆண்_பெண்_அன்புறவு,எனவே தனியான நம்பிக்கை ஏற்படாதவரை அம்மண உடல்கள் கண்களைத் தவிர்க்கின்றன.,8
தாவோ_-_ஆண்_பெண்_அன்புறவு,ஆணும் பெண்ணும் எல்லா உணர்வுகளுடனும் ஒருவரை ஒருவர் தொடக் கண்களைப் பின் தொடர்ந்து செல்லும்போது மறைப்பதற்கென்ன உள்ளது?,13
தாவோ_-_ஆண்_பெண்_அன்புறவு,"மற்றவர் தானானகவே ஆகும் போதும், மிகப் பெரிய மறைபுதிராக மாறும் போதும் அறிதல் என்பது ஆழமாக ஏற்படுகிறது.",13
தாவோ_-_ஆண்_பெண்_அன்புறவு,ஆழ்ந்த நெறியில் ஒருவர் மற்றவரை எப்படி அறிய முடியும்?,7
தாவோ_-_ஆண்_பெண்_அன்புறவு,மற்றவருக்கு ஒருவர் வெளிப்படையாகக் காண்பிக்கும் போது ஆழ்ந்த தெரியாததில் அறிவு திறக்கிறது.,9
தாவோ_-_ஆண்_பெண்_அன்புறவு,இழப்பு என்பதுதான் கண்டுபிடிக்கப்படுகிறது இழப்பைத் தொடர்வதுதான் இயற்கை நெறி.,7
தாவோ_-_ஆண்_பெண்_அன்புறவு,"கண்டுகொள்ளும் நேரம் முன்னதாக அறிந்திலாத பழைய நண்பனை கண்டுறுவது போல, கண்டு கொள்ளும் நேரம் எப்போதும் வியப்புக்குரியது.",13
தாவோ_-_ஆண்_பெண்_அன்புறவு,"இன்னோர் அறிவைக் காணுதல் எண்ணம் தசைக்கு விட்டுக் கொடுக்க, ஏதோ ஒரு உந்துதலால் ஏற்கப்பட்ட ஒரு நேரம் இருக்கிறது.",14
தாவோ_-_ஆண்_பெண்_அன்புறவு,மனம் இன்னுமோர் அறிவைக் காண்கிறது.,4
தாவோ_-_ஆண்_பெண்_அன்புறவு,உடல் எண்ணாதவரை நினைவுகள் தசையின் தேவையை எண்ணாது.,6
தாவோ_-_ஆண்_பெண்_அன்புறவு,இழக்கும் மனமும் காணும் உடலும் ஆழ்ந்த சமநிலைக்குத் தொடக்கம்.,7
தாவோ_-_ஆண்_பெண்_அன்புறவு,"கமுக்கத்தை உணரும் மனமும் எண்ணும் உடலும் இல்லாதவரை, கமுக்கமான இடங்களின் மண்ணுலக ஆசையை உகந்ததாக்காது.",11
தாவோ_-_ஆண்_பெண்_அன்புறவு,"இழத்தலும் காணலும் பெண்ணிடம் தன்னை இழந்து பின் ஆனும், ஆணிடம் தன்னை இழந்த பின் பெண்ணும் எங்கே?",13
தாவோ_-_ஆண்_பெண்_அன்புறவு,பிரிவு என ஒன்று இல்லாத நிலையில் ஒவ்வொருவரும் எங்கே?,7
தாவோ_-_ஆண்_பெண்_அன்புறவு,"இழப்பதனால் ஆண் தன்னையும், பெண் தன்னையும் மறுபடியும் காண்கின்றனர் இழப்பில் கண்டு கொண்ட ஒவ்வொருவரும் இழப்பு.",12
தாவோ_-_ஆண்_பெண்_அன்புறவு,காணுதல் இரண்டிலும் உயர்ந்து விடுகின்றனர்.,4
தாவோ_-_ஆண்_பெண்_அன்புறவு,"முதலில் கண்டுபிடிப்பதில் இழப்பும், பின்னர் இழப்பில் கண்டு கொள்ளுதலும்.",7
தாவோ_-_ஆண்_பெண்_அன்புறவு,கண்டு பிடிப்பதில் இழப்பு ஒரு பெரிய இழப்பு.,6
தாவோ_-_ஆண்_பெண்_அன்புறவு,இழப்பில் கண்டு பிடிப்பதும் ஒரு பெரிய கண்டுபிடிப்பு.,6
தாவோ_-_ஆண்_பெண்_அன்புறவு,"உயர்ந்த கண்டுபிடிப்பு, இழப்பு இவற்றைத் தொடர்ந்து செல்க.",6
தாவோ_-_ஆண்_பெண்_அன்புறவு,ஒவ்வொருவரிடமும் இழப்பதால் பிரிந்துள்ளனர்.,3
தாவோ_-_ஆண்_பெண்_அன்புறவு,"ஒருவர்க்கொருவர் இழந்தபோது காதலர்கள் ஒருவருக்கொருவருள் வயமிழந்துள்ள போது, ஆண் பெண்ணிடமும், பெண் ஆணிடமும் தம்மை இழந்து விடுகிறார்கள்.",13
தாவோ_-_ஆண்_பெண்_அன்புறவு,"எந்தப் பெண்ணிடம் ஆண் தன்னை இழக்கிறானோ, அவள் அவளாக இருப்பதில்லை, ஏனெனில் அவள் அவனிடம் இழந்துள்ளாள்.",12
தாவோ_-_ஆண்_பெண்_அன்புறவு,இது போலவே ஆணும் பெண்ணிடம் இழந்துள்ளான்.,5
தாவோ_-_ஆண்_பெண்_அன்புறவு,"தான் இல்லாத போது அவள் இருப்பதாயும், தான் இல்லாத போது அவன் இருப்பதாயும் எப்படி இவர்கள் எண்ண முடியும்.",14
தாவோ_-_ஆண்_பெண்_அன்புறவு,எது இல்லை என்பதில் எவ்வாறு காதலர்கள் மேலே தொடர்ந்து செல்கின்றனர்?,8
தாவோ_-_ஆண்_பெண்_அன்புறவு,"இடைவெளியில் ஆணுக்கும் பெண்ணுக்குமிடையே, இறப்பு பிறப்பு இவற்றிற்கிடையே, புரியாத எண்ணங்களில் ஓர் எண்ணத்திற்கும் மற்றதற்குமிடையே ஏதோ ஒன்றுளது.",13
தாவோ_-_ஆண்_பெண்_அன்புறவு,"ஒவ்வொரு சொல் இவற்றிற்கிடையே எண்ணங்கள் அறியாத ஏதோ ஒன்று உள்ளது இடைவெளியில், எண்ணுவதிலிருந்து எண்ணங்கள் வீழ்கின்றன.",12
தாவோ_-_ஆண்_பெண்_அன்புறவு,கொடுத்தலும் பெறுதலும் ﻿ நூற்றி நாற்பத்தைந்து.,5
தாவோ_-_ஆண்_பெண்_அன்புறவு,"எடுக்காமல் கண்டுபிடி கொடு, கொடை இருக்கும்.",5
தாவோ_-_ஆண்_பெண்_அன்புறவு,பெறுவது இருக்கும் ஆனால் எடுத்துக் கொள்வதால் உரிமை வராது.,7
தாவோ_-_ஆண்_பெண்_அன்புறவு,எதிர்பார்ப்பு இல்லாமல் அறி.,3
தாவோ_-_ஆண்_பெண்_அன்புறவு,எடுக்காமல் கண்டுபிடி நூற்றி நாற்பத்தாறு.,4
தாவோ_-_ஆண்_பெண்_அன்புறவு,முழுமையான வெறுமை முழுமை ஏற்றுக் கொள்ள முடியாது.,6
தாவோ_-_ஆண்_பெண்_அன்புறவு,ஆகையால் வெறுமையாக்கித் தொடங்கு.,3
தாவோ_-_ஆண்_பெண்_அன்புறவு,வெறுமையாக இருத்தல்தான் மிக உயர்வான ஏற்றுக் கொள்ளல் முழுமையே பெரிதுயர்ந்த கொடையாளி நூற்றி நாற்பத்தேழு.,11
தாவோ_-_ஆண்_பெண்_அன்புறவு,கனிவாகக் கொடு மற்றவரின் ஆளுகைக்குட்பட்டு ஒன்றாக இருந்து கொண்டே ஏற்றுக் கொள்ளல்.,9
தாவோ_-_ஆண்_பெண்_அன்புறவு,"தன்னை வெளிப் படுத்தல், நம்புவதும், ஏற்பதும் எளிதில்லை.",6
தாவோ_-_ஆண்_பெண்_அன்புறவு,ஆகவே ஏற்பதே என்ற சுமைக்குக் கொடுப்பது என்பது பொறுப்பேற்க வேண்டும்.,8
தாவோ_-_ஆண்_பெண்_அன்புறவு,"கொடுக்க வேண்டுமென்றால் கனிவாகக் கொடு இதனால் கொடுப்பவரும், ஏற்பவரும் மனச்சுமை குறைந்து இருப்பர்.",10
தாவோ_-_ஆண்_பெண்_அன்புறவு,"ஆக, ஆணும் பெண்ணும் ஒருவருக்கொருவர் தன்னுரிமையானவர்.",5
தாவோ_-_ஆண்_பெண்_அன்புறவு,"கொடுப்பது என்பது அதனுடைய பரிசு, ஏற்பது என்பது ஒருவகை கொடுப்பது என்கிற போது அங்கே கடன் பட்டது எப்படி?",14
தாவோ_-_ஆண்_பெண்_அன்புறவு,"ஒன்றாக மறைவது அவள் ஏற்கும்போது, அங்கே இரு கொடைகளும், அவன் கொடுக்கும் போது இரு ஏற்புகளும் உள்ளன.",13
தாவோ_-_ஆண்_பெண்_அன்புறவு,"அவளது தொடக்கத்திலும், ஏற்பிலும், ஏற்பவரால் கொடுக்கப்படுகிறது.",5
தாவோ_-_ஆண்_பெண்_அன்புறவு,"அவனது நுழைவிலும் கொடுப்பதிலும், கொடுப்பவரால் ஏற்கப்படுகிறது.",5
தாவோ_-_ஆண்_பெண்_அன்புறவு,"கொடுப்பது தான் ஏற்பது ஏற்பது தான் கொடுப்பது என்கின்ற போது, ஒன்றாக உள்ளதை ஏன் இரண்டாகப் பிரிக்கிறோம்?",13
தாவோ_-_ஆண்_பெண்_அன்புறவு,உட்புறமே வெளிப்புறம் இயற்கையில் ஆணும் பெண்ணும் ஒரே உடலின் இரு கூறுகளாக ஒருவருக்கொருவர் வளர்த்துக் கொள்கிறார்கள் எதுவுமே வினவப்படுவதில்லை.,14
தாவோ_-_ஆண்_பெண்_அன்புறவு,இருந்தும் எந்த ஓர் எண்ணமில்லாது எல்லாமே கொடுக்கப்படுகின்றன.,6
தாவோ_-_ஆண்_பெண்_அன்புறவு,ஒவ்வொரு வரும் இருவருமையே கவனித்துக் கொள்ளும் உட்புறமாக மற்றவரின் வெளிப்புறமாய் உள்ளனர் நூற்றி ஐம்பத்தொன்று.,11
தாவோ_-_ஆண்_பெண்_அன்புறவு,"பெற்றுக் கொள்ளல் பெற்றுக் கொள்ள, முழுமையாயிரு.",5
தாவோ_-_ஆண்_பெண்_அன்புறவு,ஆனால் வெறுமையாக்கப் பழக்கப்படுத்திக் கொள்.,4
தாவோ_-_ஆண்_பெண்_அன்புறவு,"எது கொடுக்கிறதோ, அது தான் அது.",5
தாவோ_-_ஆண்_பெண்_அன்புறவு,பெறக் கூடியது அன்று.,3
தாவோ_-_ஆண்_பெண்_அன்புறவு,பெற வேண்டிய வெறுமை இல்லை.,4
தாவோ_-_ஆண்_பெண்_அன்புறவு,ஏற்றுக் கொள்ள எவருமில்லை.,3
தாவோ_-_ஆண்_பெண்_அன்புறவு,"ஏற்றுக் கொள்ள, முழுமையில் வெறுமையைக் கண்டு பிடி.",6
தாவோ_-_ஆண்_பெண்_அன்புறவு,"கொடுப்பதால் வெறுமையாக்க முடியாத முழுமை அனைத்தையும் ஏற்றுக் கொள்வதால், நிரப்ப முடியாத வெறுமையையும் கண்டு கொள்.",12
தாவோ_-_ஆண்_பெண்_அன்புறவு,புதிர்களின் வீறியம் ஆண்டையைப் போல அது உழைக்கிறது.,6
தாவோ_-_ஆண்_பெண்_அன்புறவு,"நிழலைப் போல, அது நடத்திச் செல்கிறது ஒருவரின் உரிமையாக அதை வைத்துக் கொள்ள முடியாது.",11
தாவோ_-_ஆண்_பெண்_அன்புறவு,அதைப் பெற அதை ஒப்படைத்து விடு.,5
தாவோ_-_ஆண்_பெண்_அன்புறவு,அதை அடக்கப் பணிந்து போ நாம் புதிர்களின் வீறியம் ஆகவே அவற்றை விடுவிக்காமலேயே அறிந்து கொள்.,12
தாவோ_-_ஆண்_பெண்_அன்புறவு,"கண்டுபிடிக்க வேண்டிய புதிர்கள், வாழ வேண்டியவையாகும்போது, அவற்றின் வீறியத்தால் வாழ் வினாக்கள்.",9
தாவோ_-_ஆண்_பெண்_அன்புறவு,"ஒரு பெரிய பொருண்மை கொடுப்பதும், பெறுவதும் ஒன்றாக இருக்கும் போது, அந்த ஒன்றின் பெயரென்ன?",11
தாவோ_-_ஆண்_பெண்_அன்புறவு,அதை வெளிப்டுத்துமாறு என்ன பெயரிடலாம்?,4
தாவோ_-_ஆண்_பெண்_அன்புறவு,சொற்களுக்கு அப்பாற்பட்ட அது ஏதோ ஒன்று சொற்கள் எவ்வளவு நாள்கள் இதைப் பின் தொடரும்?,11
தாவோ_-_ஆண்_பெண்_அன்புறவு,முயலும் சொற்கள் இன்னும் பல சொற்களை இந்த ஓட்டத்தில் சேர்ந்துவிடுகின்றன.,8
தாவோ_-_ஆண்_பெண்_அன்புறவு,"ஒன்றும் நேரத்தில், எதிரொலிக்குப் பார்வையாளராக உள்ள நேரத்தில் எதோ ஒரு பெரிய பொருண்மை சார்ந்து இயங்குகிறது.",12
தாவோ_-_ஆண்_பெண்_அன்புறவு,நிறைவு குறைவு நூற்றி ஐம்பத்தைந்து.,4
தாவோ_-_ஆண்_பெண்_அன்புறவு,எது இல்லையோ அதை அறிக பிறப்பிற்கு முன்னால் இருந்த வெறுமை இறப்பு வரை வாழ்க்கையைத் தொடர்கிறது.,12
தாவோ_-_ஆண்_பெண்_அன்புறவு,"வெறுமைதான் காதலர்களையும், நம்மையும் எல்லாவற்றையுமே சூழ்ந்து கொள்கிறது வெறுமையிலிருந்து தான் முழுமை உருவாகிறது வெறுமை இல்லையேல் முழுமையும் இல்லை.",14
தாவோ_-_ஆண்_பெண்_அன்புறவு,வெறுமையிலிருந்துதான் எல்லாமே உருவாகிறது இதில்தான் எல்லாமே திரும்பி வருகின்றன நூற்றி ஐம்பத்தேழு.,9
தாவோ_-_ஆண்_பெண்_அன்புறவு,"ஆணுக்கும், பெண்ணுக்கும் இடையே உள்ளதைத் தாங்க, வெறுமையிலிருந்து தொடங்கு.",7
தாவோ_-_ஆண்_பெண்_அன்புறவு,"இழப்பினால், கண்டு பிடிக்கலாம்.",3
தாவோ_-_ஆண்_பெண்_அன்புறவு,வெறுமையாக்குவதால நிரப்புதல் உண்டு.,3
தாவோ_-_ஆண்_பெண்_அன்புறவு,எல்லாவற்றையும் தாங்கும் உருவம்தான் வெறுமை.,4
தாவோ_-_ஆண்_பெண்_அன்புறவு,"நீரில் மீன் நீந்துவது போல, வானில் பறவைகள் பறப்பது போல, மனம் வெறுமையினுள் எண்ணுகிறது எல்லாவற்றையும் மற.",13
தாவோ_-_ஆண்_பெண்_அன்புறவு,"எண்ணிச் சமன் செய்ய எந்த எண்ணமும் இல்லாது, மனம் உருவமின்றி, வெறுமையாக இருக்கட்டும்.",10
தாவோ_-_ஆண்_பெண்_அன்புறவு,"ஆற்றினை வற்றச் செய்யாத போது ஆறு கடலில் கலந்தாலும், கடல் நிரம்புவதில்லை, ஆறும் வற்றுவதில்லை.",11
தாவோ_-_ஆண்_பெண்_அன்புறவு,ஓடும் தண்ணீர் ஆற்றினை வற்றச் செய்யாத போது அங்கு வெறுமை என்பது ஏது?,10
தாவோ_-_ஆண்_பெண்_அன்புறவு,"ஆற்று நீர் கடலை நிரப்பாத போது, வெற்றிடம் எப்படி உருவாகும்?",8
தாவோ_-_ஆண்_பெண்_அன்புறவு,"சொற்கள் எனும் ஆற்றினுள்ளும், எண்ணங்கள் என்ற கடலினுள்ளும், பெயரிட முடியாது ஏதோ ஒன்று உள்ளது.",11
தாவோ_-_ஆண்_பெண்_அன்புறவு,ஆண் ஆணாக இருக்கும் போது எவ்வாறு பெண்ணை அறிவான்?,7
தாவோ_-_ஆண்_பெண்_அன்புறவு,"இது போலவே பெண், பெண்ணாக இருக்கும் போது எவ்வாறு ஆணை அறிந்து கொள்ள முடியும்?",11
தாவோ_-_ஆண்_பெண்_அன்புறவு,ஒவ்வொன்றின் வெளிப்புறத்திலும் வெற்றிடம் உள்ளது.,4
தாவோ_-_ஆண்_பெண்_அன்புறவு,"இதுதான் அடைந்து நிரப்பி, புரிந்து கொள்கிறது ஆணாக இருந்து ஆணைக் காணாதே.",9
தாவோ_-_ஆண்_பெண்_அன்புறவு,பெண்ணாக இருந்து பெண்ணைக் காணாதே.,4
தாவோ_-_ஆண்_பெண்_அன்புறவு,"மென்மையாக இரு இயற்கை யை நம்பு, ஆணையும் பெண்ணையும் விட்டுவடு வெற்றிடத்தை வெறுமை செய்.",11
தாவோ_-_ஆண்_பெண்_அன்புறவு,இருப்பதும் இல்லாததும் முழுமை என்பது ஆண் வெற்றிடமாக இல்லாதது பெண்.,8
தாவோ_-_ஆண்_பெண்_அன்புறவு,"இருப்பதும், இல்லாததும் முழுமையைச் சமமாகச் செய்கின்றன.",5
தாவோ_-_ஆண்_பெண்_அன்புறவு,ஆண்மை என்பது உருவமானது.,3
தாவோ_-_ஆண்_பெண்_அன்புறவு,"காண்பிக்கப்படுவது, வெளிப்படுத்தப் படுவது அவன் பேசப்படுபவன், தெளிவாகத் தெரிபவன்.",7
தாவோ_-_ஆண்_பெண்_அன்புறவு,வினா இல்லாமலேயே உள்ள விடை பெண்மை என்பது உருவமற்றது.,7
தாவோ_-_ஆண்_பெண்_அன்புறவு,"வெற்றிடம், புலப்படாதது, மறைக்கப்பட்ட ஒன்று அவள் பேசப்படாதவள்.",6
தாவோ_-_ஆண்_பெண்_அன்புறவு,"கமுக்கமானவள், மறைபுதிரானவள், விடை இல்லாத முதல் வினா !",6
தாவோ_-_ஆண்_பெண்_அன்புறவு,"உள்ளதும் இல்லாததும் எது உள்ளதோ, அது இருக்கிறது எது இல்லையோ அதுவும் இருக்கிறது ஆணின் வெறுமை வெளியில் உள்ளது.",14
தாவோ_-_ஆண்_பெண்_அன்புறவு,பெண்ணின் வெறுமை உள்ளே உளது.,4
தாவோ_-_ஆண்_பெண்_அன்புறவு,நினைவில் வைக்கப்பட்ட ஒன்று.,3
தாவோ_-_ஆண்_பெண்_அன்புறவு,"ஆனால் அவள் பெண் அவள் நகரும் வெற்றிடம், காத்திருக்கும் நகருபவள், ஆணினால் நிரப்பப்பட வேண்டிய வெற்றிடம்.",12
தாவோ_-_ஆண்_பெண்_அன்புறவு,"அவள் தான், நிலம், தோட்டம், தாய், மூலகாரணம், வெற்றிடம், மறைபுதிர்.",8
தாவோ_-_ஆண்_பெண்_அன்புறவு,"இல்லை என்பதன் நகரும் காத்திருக்கும் புதிர், அவள் தான் பெண்.",8
தாவோ_-_ஆண்_பெண்_அன்புறவு,பெரிய வெற்றிடத்தில் வெறுமையைச் சுமந்து செல்லும் முழுமைதான் பெண்.,7
தாவோ_-_ஆண்_பெண்_அன்புறவு,"முழுமை வேட்கைப்படுகிறது நிரப்புவதை ஏற்பவள் பெண், பெறுவதை நிரப்புவது ஆண்.",8
தாவோ_-_ஆண்_பெண்_அன்புறவு,ஆதலால் வெற்றிடம் நிரப்பப்பட்டுத் திரும்ப நிரப்பப்படுகிறது முழுமை திரும்பத் திரும்ப வெறுமையாக்கப்படுகிறது முழுமை நிரப்ப வேட்கைப்படுகிறது.,12
தாவோ_-_ஆண்_பெண்_அன்புறவு,வெறுமை வெறுமையாக்க வேட்கிறது.,3
தாவோ_-_ஆண்_பெண்_அன்புறவு,"வெற்றிடம் உள்ளதால் ஆணும் பெண்ணும் வெற்றிடத்தில் கூடி வளர்ந்து, அதிலேயே நிரப்பப்படுகின்றனர் வெற்றிடம் உள்ளதால், ஏற்கப்படுகிறது.",12
தாவோ_-_ஆண்_பெண்_அன்புறவு,"ஏற்கப் படுவதால், கொடுக்கப்படுகிறது.",3
தாவோ_-_ஆண்_பெண்_அன்புறவு,"கொடுக்கப்படுவதால், முழுமையும் உள்ளது.",3
தாவோ_-_ஆண்_பெண்_அன்புறவு,வெறுமையில் முழுமையும் ஏற்படுகிறது வெற்றிடத்தை அறிய முழுமை ஒரு வழி.,8
தாவோ_-_ஆண்_பெண்_அன்புறவு,"பெண்ணின் முழுமையை உணர, அவளது வெறுமையால் ஏற்கப்படுகிறாய்.",6
தாவோ_-_ஆண்_பெண்_அன்புறவு,"வெறுமையால் உருவகப்பட்டு, அவள் மறைந்த அறிவின் மூலமாகவும்.",6
தாவோ_-_ஆண்_பெண்_அன்புறவு,வெறுமையைக் கண்டுபிடிக்க முடியாது.,3
தாவோ_-_ஆண்_பெண்_அன்புறவு,"ஆனும் பெண்ணும் ஒன்றாகச் சேர்ந்து காண முடியாததைச் செயலாட்சி செய், நிரப்ப முடியாததை நிரப்பு, வெறுமையை இடைவெளியில்லாமல் செய்.",14
தாவோ_-_ஆண்_பெண்_அன்புறவு,"பெண்மையின் வெற்றிடம் மிக வலுமான தசைநார்களை வளைக்க முடியும், கடினமான கல்லை உடைக்க முடியும்.",11
தாவோ_-_ஆண்_பெண்_அன்புறவு,ஆனால் பெண்ணின் வெறுமை எவ்வளவு வெல்ல முடியாததாய் இருக்கிறது !,7
தாவோ_-_ஆண்_பெண்_அன்புறவு,இல்லாத பெண்மையை இருக்கும் ஆண்மை எவ்வாறு வெல்ல முடியும்?,7
தாவோ_-_ஆண்_பெண்_அன்புறவு,வெற்றிடத்தை விட மிகப் பெரியது எது?,5
தாவோ_-_ஆண்_பெண்_அன்புறவு,எப்பொழுது காத்திருக்கிறது ஆண் அணியமாயில்லாத போது காதலனாக.,6
தாவோ_-_ஆண்_பெண்_அன்புறவு,அவனது முழுமையும் நிறைந்திருக்க வேண்டும்.,4
தாவோ_-_ஆண்_பெண்_அன்புறவு,ஆனால் பெண்ணின் வெற்றிடம் எப்போதும் காத்திருக்கிறது.,5
தாவோ_-_ஆண்_பெண்_அன்புறவு,வெறுமையைச் சுற்றி வெற்றிடத்தைச் சுற்றியுள்ள பெண்மையின் உடல் தான் பெண்.,8
தாவோ_-_ஆண்_பெண்_அன்புறவு,ஆணினால் தேடப்பட்டு நிரப்பப்படும் வெறுமையை விளக்குகிறவள்தான் பெண்.,6
தாவோ_-_ஆண்_பெண்_அன்புறவு,பெண்ணையையே எண்ணிக் கொண்டிருக்கும் மாந்தன் வெறுமையை நினைவில் வைத்து பெண்ணை மறந்து விடுகிறான்.,10
தாவோ_-_ஆண்_பெண்_அன்புறவு,ஆண் பெண்ணை மறக்கலாம்.,3
தாவோ_-_ஆண்_பெண்_அன்புறவு,"நிலத்தின் உடல் நீரின் உடன்பாட்டின் அடிப்படையில்தான் பாறையின் திடமும், காற்றின் மென்மையில்தான் நானிலத்தின் எடையும் தெரிய வருகிறது.",13
தாவோ_-_ஆண்_பெண்_அன்புறவு,"ஆணின் முழுமை பெண்ணின் வெற்றிடத்தில் நுழையும் போது, அவளது வெற்றிடம் ஆணின் முழுமையை வரவேற்கும் போது என்ன தெரிகிறது.",14
தாவோ_-_ஆண்_பெண்_அன்புறவு,"நிலத்தின் உடலும், காற்றின் மூச்சும் நிலம் என்பது பெண்ணின் தசையும், ஆணின் எலும்புமாகும்.",10
தாவோ_-_ஆண்_பெண்_அன்புறவு,"நகரும் ஆணும், வெறுமையான பெண்ணும் காற்று.",5
தாவோ_-_ஆண்_பெண்_அன்புறவு,"இங்கில்லாவிடில், வேறு எங்கே இயற்கை நெறி இயங்குகிறது நூற்றி அறுபத்தொன்பது.",8
தாவோ_-_ஆண்_பெண்_அன்புறவு,"உயிர்த்தலை ஒப்புக் கொள் விருப்பார்வம் அடங்கியதும், அது மீண்டும் அடங்கக் கிளர்ந்தெழுகிறது.",9
தாவோ_-_ஆண்_பெண்_அன்புறவு,"உயிருள்ள உடல் போல, அது வெறுமையாக்க நிரம்பியும், மறுபடியும் வெறுமையாக்க நிரம்புகிறது.",9
தாவோ_-_ஆண்_பெண்_அன்புறவு,"வெறுமையாக்கத் தொடக்கமே நிரம்பவும், நிரம்பத் தொடங்க வெறுமையாக்கவும் எவ்வளவு பண்பமைதி மிக்கது.",9
தாவோ_-_ஆண்_பெண்_அன்புறவு,உயிர்த்தலை ஒப்புக் கொள்.,3
தாவோ_-_ஆண்_பெண்_அன்புறவு,"இக்கணமே விடுவி, அடுத்ததை ஏற்றுக் கொள்... முயற்சியில்லாமலேயே.",6
தாவோ_-_ஆண்_பெண்_அன்புறவு,"மூச்சை அடக்கும் போது, வானம் நொறுங்குகிறது, விண்மீன்கள் உடைகின்றன.",7
தாவோ_-_ஆண்_பெண்_அன்புறவு,மூச்சுவிடும் நிலம் கடினமாகிறது.,3
தாவோ_-_ஆண்_பெண்_அன்புறவு,"அவர்கள் நிரப்பியும், வெறுமையாக்கியும் மூச்சு விடும் இயற்கை போல உள்ளனர்.",8
தாவோ_-_ஆண்_பெண்_அன்புறவு,வெறுமையாவது நிரம்புகிறது ஒவ்வொன்றும் அடுத்தது என்ன என்பதை உணர ஒன்றை ஒன்று தொடர்கின்றது.,10
தாவோ_-_ஆண்_பெண்_அன்புறவு,"எல்லாமே மாறுகின்றன, மாறும் இயற்கையைத் தவிர.",5
தாவோ_-_ஆண்_பெண்_அன்புறவு,"அவ் வகைக் கடலில் ஆண் கூறுகிறான் எனக்குப் பெண்ணைக் கொடு, அவளை என் உடலுடன் எடுத்து நிரப்புகிறேன்.",13
தாவோ_-_ஆண்_பெண்_அன்புறவு,பெண் சொல்கிறாள் எனக்கு ஆணைக் கொடு.,5
தாவோ_-_ஆண்_பெண்_அன்புறவு,அவனை என்னுடன் இணைத்து அணைத்துக் கொள்கிறேன் முழுமையான ஆண் உலகையே நிரப்புகிறான்.,9
தாவோ_-_ஆண்_பெண்_அன்புறவு,வெற்றிடமான பெண் உலகையே சூழ்ந்து கொள்கிறாள் அவ் வகையான கூடலில் என்ன வெல்லாம் நடக்க வேண்டும் !,12
தாவோ_-_ஆண்_பெண்_அன்புறவு,சென்று கொண்டிருப்பது தங்குகிறது ஆணினால் நிறைவு செய்ய முடியாத வெறுமைப் புடவி பெண்.,10
தாவோ_-_ஆண்_பெண்_அன்புறவு,"பெண் மகிழ்ச்சியுறும் போது, அவன் கற்றுப் பெருமை கொள்ளலாம்தான்.",7
தாவோ_-_ஆண்_பெண்_அன்புறவு,ஆனால் அதே சமயம் அவன் வெறுமை அடைகிறான்.,6
தாவோ_-_ஆண்_பெண்_அன்புறவு,முன்னிருந்த நிலைக்கே திரும்பி விடுகிறான்.,4
தாவோ_-_ஆண்_பெண்_அன்புறவு,எனவே அடக்கத்துடன் அவன் தன் பயணத்தைத் தொடருகிறான்.,6
தாவோ_-_ஆண்_பெண்_அன்புறவு,"காதலரின் சமநிலை திறமையோ, ஆற்றலோ தேவை இல்லை.",6
தாவோ_-_ஆண்_பெண்_அன்புறவு,"வெளிப்படுத்துதல், நம்பிக்கை மட்டும் தான்.",4
தாவோ_-_ஆண்_பெண்_அன்புறவு,"குழந்தை காதலனாகத் திரும்புகிறது வெகுளியாக, அணியமாக அச்சத்துடன் ஆவலுடன்.",7
தாவோ_-_ஆண்_பெண்_அன்புறவு,"எல்லாமே வெளிப்படுத்தப்பட்டு, விடுவிக்கப்படும் போது, வெற்றிடம் நிரம்பக், காதலர்கள் சமநிலையில் உள்ளனர்.",9
தாவோ_-_ஆண்_பெண்_அன்புறவு,இயற்கைநெறியைத் தாங்க முடியாது.,3
தாவோ_-_ஆண்_பெண்_அன்புறவு,தாங்கு பவருமில்லை நூற்றி எழுபத்தைந்து.,4
தாவோ_-_ஆண்_பெண்_அன்புறவு,நிரப்பிய பின் வெற்றிடம் ஏது?,4
தாவோ_-_ஆண்_பெண்_அன்புறவு,மிக உயர்ந்ததைவிட மிகமிக உயர்வானது என எதைக் கூறலாம்?,7
தாவோ_-_ஆண்_பெண்_அன்புறவு,அந்த மூச்சு என்றால் என்ன?,4
தாவோ_-_ஆண்_பெண்_அன்புறவு,"ஆனால் எல்லா இடத்திலிருக்கும் மூச்சுயிர்ப்பே, ஒவ்வோர் அசைவிலுள்ள மூச்சு நூற்றி எழுபத்தேழு.",9
தாவோ_-_ஆண்_பெண்_அன்புறவு,தடையும் வாக்குறுதியும் புத்தியல்பு வாய்ந்தது ஆனால் பொதுவானது.,6
தாவோ_-_ஆண்_பெண்_அன்புறவு,பெண் துணிவாக ஏற்றுக் கொள்வாளா?,4
தாவோ_-_ஆண்_பெண்_அன்புறவு,அதே உலகம் இறப்பில் வெறுமையாகிறது.,4
தாவோ_-_ஆண்_பெண்_அன்புறவு,"வெறுமை ஆக்குவதால் நிரப்புதலும், நிரப்புதலால் வெறுமை ஆவதும் உண்டாகின்றன.",7
தாவோ_-_ஆண்_பெண்_அன்புறவு,"வெறுமைக்குக் காத்திருத்தல் தன் முழுமையால் ஆண், பெண்ணை நிறைவு செய்யவில்லை என்றால், அவனுக்காக அவளின் வெறுமை காத்திருக்கின்றது.",13
தாவோ_-_ஆண்_பெண்_அன்புறவு,வெறுமை மாபெரும் முழுமையின் எழுச்சியை வெல்ல முடியாது.,6
தாவோ_-_ஆண்_பெண்_அன்புறவு,உரிமையான மற்றோர் உடலுடன் ஓர் உடல் அதனது உரிமையான மற்றொரு உடலுடன் சேர்வதே ஒன்றதுல்.,11
தாவோ_-_ஆண்_பெண்_அன்புறவு,கணத்திற்குக் கணம் முடிவைப போலவே தொடக்கத்திற்கும.,5
தாவோ_-_ஆண்_பெண்_அன்புறவு,"வேறு எங்கும் போகவோ, வேறு வகையாக இருக்கவோ வேறு ஒன்றும் இல்லை நூற்றி எண்பத்து நான்கு.",12
தாவோ_-_ஆண்_பெண்_அன்புறவு,"தெரிந்து கொள்ள அணியமாக ஆணாக, அறியாதவனாக புதியவனாக, அறிவதற்கு அணியமாகச் செல், அசைக.",10
தாவோ_-_ஆண்_பெண்_அன்புறவு,பழமையான அடியிடு இது வரை செய்யாததைச் செய்ய விரும்புவதை செய்து விடு.,9
தாவோ_-_ஆண்_பெண்_அன்புறவு,"சொற்கள் இல்லாத போது, இயற்கை அருகில் உள்ளது நூற்றி எண்பத்தெட்டு.",8
தாவோ_-_ஆண்_பெண்_அன்புறவு,ஒன்றாக உள்ள இரு உடல்களும் இயற்கை நூற்றி எண்பத்தொன்பது.,7
தாவோ_-_ஆண்_பெண்_அன்புறவு,புடவியை நிறைவு செய்வதற்கும் புடவியைச் சுற்றி வளைத்தற்கும் அப்பால் ஏதோ ஒன்றுள்ளது.,9
தாவோ_-_ஆண்_பெண்_அன்புறவு,சொற்கள் சொல்லாமல் சொல்லும் எண்ணங்கட்கும் பிறப்புக்கும் முன்னால் இருந்தவை எனன?,8
தாவோ_-_ஆண்_பெண்_அன்புறவு,மனவேட்கை தன்னை அறிவதற்கு முன்னர் என்ன?,5
தாவோ_-_ஆண்_பெண்_அன்புறவு,முழுவெறுமையும வெற்று முழுமையும் என்ன?,4
தாவோ_-_ஆண்_பெண்_அன்புறவு,வினாக்களும் நிகழ்வுகளும் ஏற்படுகையில் அவை எங்கே?,5
தாவோ_-_ஆண்_பெண்_அன்புறவு,கைவயமாக்கிக கொள்கின்றன இரண்டுகள் இரண்டுகளுடன் பிணைகின்றன.,5
தாவோ_-_ஆண்_பெண்_அன்புறவு,ஒன்றாகின்றன சிறப்புச் சிறப்பினை வளைக்கிறது.,4
தாவோ_-_ஆண்_பெண்_அன்புறவு,"நிலம் உயிர்க்கின்றது கலவியின் போது, உடல் உடலை மூச்சுக கொள்வது போன்று ஆணும் பெண்ணும் மூச்சை உள்ளிழுக்கின்றனர்.",13
தாவோ_-_ஆண்_பெண்_அன்புறவு,ஆற்றின் போக்கைப் பின்பற்று ஆறு தானாகவே ஓடுகிறது.,6
தாவோ_-_ஆண்_பெண்_அன்புறவு,"ஆணும் பெண்ணும் ஒன்றி இணையும் போது, விண்மீன்கள் ஒவ்வொன்றும், புல்லின் நுனியும் அவர்களை ஒத்தே செல்கின்றன.",12
தாவோ_-_ஆண்_பெண்_அன்புறவு,"ஆசையின் வேர்கள் விண்மீன்களிலும், விரைவு புல்பூண்டுகளிலும் இருக்கும் நிலையில் தவறொன்றும் நிகழ முடியாது.",10
தாவோ_-_ஆண்_பெண்_அன்புறவு,"ஆணும் பெண்ணும் இணையும்போது எந்த முறைமை உள்ளதோ, அதே முறைமை நிலைதான் அவர்கள் பிரியும் போதும் நிலவுகிறது.",13
தாவோ_-_ஆண்_பெண்_அன்புறவு,தேய்ந்துவரும் ஆர்வம் பிரிவுக்கு வழிகோல்கிறது.,4
தாவோ_-_ஆண்_பெண்_அன்புறவு,பிரிவு ஆர்வத்தைத் தூண்டுகிறது.,3
தாவோ_-_ஆண்_பெண்_அன்புறவு,எழுப்பப்பட்ட ஆர்வம் பிரிந்திருந்ததை ஒன்று சேர்க்கிறது.,5
தாவோ_-_ஆண்_பெண்_அன்புறவு,"நாள்கள், பருவ காலங்கள் என்கிற தாளக்கட்டுதான் காதலர்கள்.",6
தாவோ_-_ஆண்_பெண்_அன்புறவு,அவர்களுடைய மரபினருடைய தாளக்கட்டும் ஆகும்.,4
தாவோ_-_ஆண்_பெண்_அன்புறவு,தொடக்கத்தின் தொடக்கத்திற்கும் முன்பாகவே இயற்கையின் காலத்திலேயே ஆர்வம் இருந்து வந்திருக்கிறது.,8
தாவோ_-_ஆண்_பெண்_அன்புறவு,உடம்பு மட்டுமே எல்லை கடத்தல் என்பது எல்லைக்கு உட்பட்தே.,7
தாவோ_-_ஆண்_பெண்_அன்புறவு,வெளியே செல்லும் வழி என்பது உள்ளே வரும் வழிதான்.,7
தாவோ_-_ஆண்_பெண்_அன்புறவு,இந்த உண்மை எல்லாவற்றிற்கும் பொருத்தமானது.,4
தாவோ_-_ஆண்_பெண்_அன்புறவு,"மனத்தைத் தாண்டிச் செல்வதை எப்படி மனம் அறிகிறதோ, அப்படியே உடலைத் தாண்டிச் செல்வதை உடலும் அறிகிறது.",12
தாவோ_-_ஆண்_பெண்_அன்புறவு,"தொடுதல் என்து சிந்தித்தல் என்று கொள்வோமேயானால், அது தொடுதலின்றி வேறில்லை.",8
தாவோ_-_ஆண்_பெண்_அன்புறவு,எந்த வகையான உணர்வு மில்லாமல் நடனமாடிக் கொண்டிருப்பது தான் உடல்.,8
தாவோ_-_ஆண்_பெண்_அன்புறவு,முடிவில் உடல் என்று கூட ஒன்றில்லை.,5
தாவோ_-_ஆண்_பெண்_அன்புறவு,"தெரிந்து கொள்ள பணிந்துபோ, கண்டு பிடிக்க இழந்திடு வெறும் உடல் இதற்கெல்லாம் போதுமானது.",10
தாவோ_-_ஆண்_பெண்_அன்புறவு,உடல் நினைப்பதை மனம் தொடர்கிறது என்ன செய்ய வேண்டும் என்பதை உடல் நன்கறியும்.,10
தாவோ_-_ஆண்_பெண்_அன்புறவு,அதுகட்டுப்பாட்டுக்குள் அதே சமயம் எட்டும தொலைவிலேயே இருக்கிறது.,6
தாவோ_-_ஆண்_பெண்_அன்புறவு,காத்திருந்த பின்னரே விடுதலை செய்வது என்ற எண்ணத்தை நகர்த்துதல் என்கிற செயல் நடை பெறுகிறது.,11
தாவோ_-_ஆண்_பெண்_அன்புறவு,"தன்னுள் மாறும் காலச்சுழற்சி பருவ காலங்களைப் போலவே, ஆர்வம் காத்திருக்கிறது, நகர்கிறது, உணர்ச்சி ஊட்டுகிறது.",11
தாவோ_-_ஆண்_பெண்_அன்புறவு,முடிவில் நிறைவேற்றியும் வைக்கிறது.,3
தாவோ_-_ஆண்_பெண்_அன்புறவு,ஆண்டின் ஒத்திசைவு இலையுதிர் காலத்தின் முடிவுக்கு காதலர்களை இட்டுச் செல்வதான வாக்குறுதி யாகிறது.,10
தாவோ_-_ஆண்_பெண்_அன்புறவு,பனிக்காலம் வரை காத்திருப்ப தென்பது கூட வாக்குறுதி நிறைவேற்றப்படும் என்கிற நம்பிக்கையினால்தான்.,9
தாவோ_-_ஆண்_பெண்_அன்புறவு,"உடலின் செய்கையினால் இரு பாலாரின் நிலையிலும் மாற்றமும், இணைவும் ஏற்படுகின்றன.",8
தாவோ_-_ஆண்_பெண்_அன்புறவு,தசை உணர்ச்சி காரணமாக உடலுக்கு விரைவில் புரிதல் கிடைக்கிறது.,7
தாவோ_-_ஆண்_பெண்_அன்புறவு,உடல் புரிதலைப் பெற முயச்சி செய்கிறது எண்ணங்கள் புரிதலைப் பெற உடலைப் பின் தொடர்கின்றன இருநூற்று ஐந்து.,13
தாவோ_-_ஆண்_பெண்_அன்புறவு,எளிமையும் தெளிவும் தெளிவாகப் புலப்படுவதிலும் தெளிவில்லாத தொன்று உள்ளது.,7
தாவோ_-_ஆண்_பெண்_அன்புறவு,"எளிதுதான் என்பதில் எளிதில்லாத தொன்று உள்ளது தெளிவானது, எளிதானது என்று நாம் நினைப்பதிலெல்லாம் தெளிவில்லாததும், எளிதில்லாததும் உள்ளன.",13
தாவோ_-_ஆண்_பெண்_அன்புறவு,"ஆண், பெண்ணும் நன்கு ஆழ்வுணர்வின் போது, உடலோடு உடல் இணைதல் என்ற நிலைக்கும் அப்பால் ஒன்று இருக்கிறது.",13
தாவோ_-_ஆண்_பெண்_அன்புறவு,"உடலோடு உடல் இணைந்து ஒன்றுபடும்போது, இடையிலிருக்கும் நிலையைப் பற்றிக் கொள்.",8
தாவோ_-_ஆண்_பெண்_அன்புறவு,அதே சமயம் அவனுக்கு அவள் துணை தேவைப்படுகிறது.,6
தாவோ_-_ஆண்_பெண்_அன்புறவு,பெண்ணினால் தன் ஆற்றலை இழப்பது அவனுக்குப் புதிது.,6
தாவோ_-_ஆண்_பெண்_அன்புறவு,ஆண் பெண் இரு பாலருடைய வீழ்ச்சியும் தனிமையிலிருந்து மீண்டும் இணைதலைத் தேடுதலிலேயே முடிவு தேடுகிறது.,11
தாவோ_-_ஆண்_பெண்_அன்புறவு,இணைதலின் சமப்போக்கை அவர்களுடைய உடல்கள் உணர்ந்திருக்க மனம் இதைப் புரிந்து கொள்ளவில்லை.,9
தாவோ_-_ஆண்_பெண்_அன்புறவு,உடல்களே இந்த உண்மையை உணர வலியுறுத்தல் தேவையாகிறது.,6
தாவோ_-_ஆண்_பெண்_அன்புறவு,சிந்தனை ஏற்படுத்தும் தொலைவிற்குத் தொடுதலே நெருக்கம் கொணர்கிறது.,6
தாவோ_-_ஆண்_பெண்_அன்புறவு,எண்ணச் சுழலில் சிக்கியிருக்கிற மனத்திற்கு உடல்களின் நெருக்கமே புரிதலை உணர்த்துகிறது.,8
தாவோ_-_ஆண்_பெண்_அன்புறவு,உடல்கள் அவற்றின் போக்கில்தான் செல்லு மென்பதை மனம் மறந்து விடுகிறது.,8
தாவோ_-_ஆண்_பெண்_அன்புறவு,"எவருடைய முயற்சியுமில்லாமலேயே இந் நிலை ஏற்படுகிறது உடல்கள் உடல்களையும், உள்ளங்கள் உள்ளங்களையும் செயலிழக்கச் செய்யும் நிலை இது.",13
தாவோ_-_ஆண்_பெண்_அன்புறவு,ஆணும் பெண்ணும் இல்லாவிடில்?,3
தாவோ_-_ஆண்_பெண்_அன்புறவு,"அதேபோல், தன்னுடைய ஆற்றலை யெல்லாம் பெண்ணுடைய வெறுைைய இட்டு நிரப்பிய பின், கொடுப்பது வேறு என்ன இருக்கிறது ஆணுக்கு?",14
தாவோ_-_ஆண்_பெண்_அன்புறவு,அண்மையில் இந்த முடிவுக்கு வருவது சரிதானா?,5
தாவோ_-_ஆண்_பெண்_அன்புறவு,ஆணையும் பெண்ணையும் தவிர இந்தப் புதிரை யார் விடுவிக்க முடியும்?,8
தாவோ_-_ஆண்_பெண்_அன்புறவு,"திகைப்பூட்டும் நிலை கலவியில் திளைத்திருக்கும் காதலர்களில், அவன் தன்னைக் கடந்து செல்கிறான் தன்னையே மறந்து விடுகிறான்.",12
தாவோ_-_ஆண்_பெண்_அன்புறவு,அதேபோல் பெண்ணும் தன்னைக் கடந்து சென்று விடுகிறாள்.,6
தாவோ_-_ஆண்_பெண்_அன்புறவு,தன்னை மறந்து விடுகிறாள்.,3
தாவோ_-_ஆண்_பெண்_அன்புறவு,உருவம் என்கிற நிலையை அவள் கடந்துவிடும் போது அவள் அவனுக்கு ஒரு பொருளேயில்லை.,10
தாவோ_-_ஆண்_பெண்_அன்புறவு,"அதேபோல் உருவம் என்கிற நிலையை அவன் கடந்து விடும் போது, அவன் அவளுக்கு ஒரு பொருளேயில்லை.",12
தாவோ_-_ஆண்_பெண்_அன்புறவு,ஒருவருக்கு மற்றவர் தெரிந்தவர் என்கிற நிலையே அழிந்து போகிறது.,7
தாவோ_-_ஆண்_பெண்_அன்புறவு,ஆசை வைத்துக் கொள்ளாததினாலேயே அவர்கள் ஆசையுடையவர்களாகிறார்கள்.,5
தாவோ_-_ஆண்_பெண்_அன்புறவு,ஒருவருடன் மற்றவர் பிணைந்திருக்கும் போது திகைப் பூட்டும் ஒரு நிலையே நம் கண்களுக்குத் தென்படுகிறது.,11
தாவோ_-_ஆண்_பெண்_அன்புறவு,ஒன்றாகக் கலந்த அந்த இருவர் எங்கே போயினர்?,6
தாவோ_-_ஆண்_பெண்_அன்புறவு,தொடக்க நிலைக்குத் திரும்பும் காலம் எனபதிலுள்ள மனநிலை எததனை வியப்பானது !,8
